y,a1,a2,a3,a4,a5,a6,a7,a8,a9,a10,a11,a12,a13,a14,a15
2.590267165,0.175,0.003,47.55,0.175,0.225,0.335,800,1.87,777,1.824884792,24.27649769,0.016589862,0.088479262,2.3,9.6
2.590267165,0.175,0.003,47.55,0.175,0.225,0.335,800,1.87,776,1.833333333,24.33333333,0.016666667,0.088888889,2.3,9.8
2.590267165,0.175,0.003,47.55,0.175,0.225,0.335,800,1.87,781,1.867924528,24.50943396,0.016981132,0.090566038,2.3,9.3
2.590267165,0.175,0.003,47.55,0.175,0.225,0.335,800,1.87,778,1.942857143,24.45714285,0.017142857,0.097142857,2.3,9.9
2.551046452,0.175,0.003,48.1,0.02,0.24,0.335,1000,1.83,777,2.019230769,24.34615385,0.017307692,0.098076923,2.3,9.5
2.551046452,0.175,0.003,48.1,0.02,0.24,0.335,1000,1.83,780,1.922330097,24.46601942,0.017475728,0.099029126,2.3,9.8
2.551046452,0.175,0.003,48.1,0.02,0.24,0.335,1000,1.83,781,2.028985507,24.17391305,0.017391305,0.092753623,2.3,9.8
2.551046452,0.175,0.003,48.1,0.02,0.24,0.335,1000,1.83,781,2.097087378,24.29126214,0.017475728,0.093203884,2.2,10.1
2.525728644,0.175,0.006,49.15,0.01,0.3,0.3325,800,1.23,780,2.291457286,25.02512563,0.018090452,0.096482412,2.2,9.8
2.525728644,0.175,0.006,49.15,0.01,0.3,0.3325,800,1.23,779,2.291457286,24.96482412,0.018090452,0.096482412,2.2,10
2.525728644,0.175,0.006,49.15,0.01,0.3,0.3325,800,1.23,783,2.282926829,24.17560975,0.011707317,0.093658537,2.2,10.3
2.525728644,0.175,0.006,49.15,0.01,0.3,0.3325,800,1.23,781,2.282926829,24.11707317,0.017560975,0.087804878,2.2,10
2.525728644,0.175,0.003,48.8,0.015,0.15,0.3325,900,1.75,783,2.424870466,25.61658031,0.01865285,0.099481865,2.2,9.9
2.525728644,0.175,0.003,48.8,0.015,0.15,0.3325,900,1.75,781,2.463157895,26.02105263,0.018947368,0.101052632,2.3,10.2
2.525728644,0.175,0.003,48.8,0.015,0.15,0.3325,900,1.75,780,2.412371134,25.48453608,0.012371134,0.098969072,2.3,9.9
2.525728644,0.175,0.003,48.8,0.015,0.15,0.3325,900,1.75,770,2.4,25.35384615,0.012307692,0.098461538,2.3,9.7
2.645075402,0.17,0.003,48.55,0.025,0.245,0.3375,800,1.92,775,2.204081632,24.79591837,0.012244898,0.097959184,2.3,9.7
2.645075402,0.17,0.003,48.55,0.025,0.245,0.3375,800,1.92,775,2.1,23.82,0.012,0.138,2.3,9.9
2.645075402,0.17,0.003,48.55,0.025,0.245,0.3375,800,1.92,771,2.01980198,23.58415842,0.011881188,0.130693069,2.2,9.7
2.645075402,0.17,0.003,48.55,0.025,0.245,0.3375,800,1.92,771,1.894736842,22.73684211,0.011483254,0.126315789,2.3,9.7
2.688247574,0.17,0.003,49.15,0.07,0.195,0.3425,1000,2.09,772,1.882352942,23.70588235,0.011764706,0.117647058,2.3,9.7
2.688247574,0.17,0.003,49.15,0.07,0.195,0.3425,1000,2.09,775,1.803108808,25.43005182,0.012435233,0.111917098,2.3,9.7
2.688247574,0.17,0.003,49.15,0.07,0.195,0.3425,1000,2.09,772,1.575757575,24.42424242,0.012121212,0.109090909,2.2,9.6
2.688247574,0.17,0.003,49.15,0.07,0.195,0.3425,1000,2.09,773,1.313432836,23.82089552,0.011940298,0.107462687,2.2,9.9
3.015934981,0.17,0.003,48.45,0.135,0.135,0.34,1100,1.52,770,1.26,23.88,0.012,0.108,2.3,9.8
3.015934981,0.17,0.003,48.45,0.135,0.135,0.34,1100,1.52,772,1.218274112,24.30456853,0.012182741,0.103553299,2.3,9.9
3.015934981,0.17,0.003,48.45,0.135,0.135,0.34,1100,1.52,770,1.224489796,24.48979592,0.012244898,0.104081632,2.3,9.6
3.015934981,0.17,0.003,48.45,0.135,0.135,0.34,1100,1.52,770,1.163265306,25.22448979,0.012244898,0.104081632,2.3,9.1
2.864704011,0.175,0.003,46.65,0.23,0.285,0.3425,800,1.31,770,1.237113402,25.54639175,0.012371134,0.111340206,2.2,9.5
2.864704011,0.175,0.003,46.65,0.23,0.285,0.3425,800,1.31,775,1.373134328,24.23880597,0.011940298,0.095522388,2.3,9.6
2.864704011,0.175,0.003,46.65,0.23,0.285,0.3425,800,1.31,773,1.841584158,23.82178218,0.011881188,0.095049505,2.3,9.7
2.864704011,0.175,0.003,46.65,0.23,0.285,0.3425,800,1.31,770,2.110552764,24.30150754,0.012060302,0.096482412,2.3,9.8
3.101092789,0.18,0.003,48,0.055,0.3,0.3425,800,1.81,773,3.641791045,23.88059702,0.011940298,0.095522388,2.3,9.6
3.101092789,0.18,0.003,48,0.055,0.3,0.3425,800,1.81,768,3.981042654,22.74881517,0.011374408,0.096682465,2.3,9.7
3.101092789,0.18,0.003,48,0.055,0.3,0.3425,800,1.81,778,2.01980198,23.88118812,0.011881188,0.095049505,2.3,9.5
3.101092789,0.18,0.003,48,0.055,0.3,0.3425,800,1.81,775,2.164948454,25.05154639,0.012371134,0.098969072,2.3,9.7
2.830217835,0.17,0.003,47.45,0.12,0.305,0.34,1000,1.88,771,2.350515464,25.2371134,0.012371134,0.098969072,2.3,9.7
2.830217835,0.17,0.003,47.45,0.12,0.305,0.34,1000,1.88,767,2.387096774,25.93548387,0.012903226,0.096774194,2.3,9.2
2.830217835,0.17,0.003,47.45,0.12,0.305,0.34,1000,1.88,773,2.4,26.4,0.012972973,0.097297297,2.3,9.7
2.830217835,0.17,0.003,47.45,0.12,0.305,0.34,1000,1.88,766,2.242424242,24.42424242,0.012121212,0.096969697,2.3,9.9
3.296837366,0.17,0.003,47.85,0.075,0.405,0.34,800,1.9,767,2.351758794,24.06030151,0.012060302,0.096482412,2.3,10.2
3.296837366,0.17,0.003,47.85,0.075,0.405,0.34,800,1.9,768,2.291457286,23.81909548,0.006030151,0.090452262,2.3,10.3
3.296837366,0.17,0.003,47.85,0.075,0.405,0.34,800,1.9,764,2.375,24.75,0.0125,0.09375,2.3,10
3.296837366,0.17,0.003,47.85,0.075,0.405,0.34,800,1.9,778,2.362694301,24.68393782,0.012435233,0.093264248,2.3,10.1
2.813410717,0.175,0.003,47.85,0.075,0.355,0.345,900,1.66,768,2.350515464,24.6185567,0.012371134,0.092783505,2.3,10.2
2.813410717,0.175,0.003,47.85,0.075,0.355,0.345,900,1.66,771,2.208955224,23.88059702,0.011940298,0.095522388,2.3,10
2.813410717,0.175,0.003,47.85,0.075,0.355,0.345,900,1.66,769,2.28,24.48,0.012,0.096,2.3,9.9
2.813410717,0.175,0.003,47.85,0.075,0.355,0.345,900,1.66,767,2.291457286,24.72361809,0.012060302,0.096482412,2.2,9.8
3.036554268,0.17,0.003,47.75,0.06,0.325,0.35,800,2.3,767,2.213592233,23.82524272,0.005825243,0.099029126,2.3,10.5
3.036554268,0.17,0.003,47.75,0.06,0.325,0.35,800,2.3,770,2.235294118,24.29411765,0.005882353,0.1,2.3,10.2
3.036554268,0.17,0.003,47.75,0.06,0.325,0.35,800,2.3,769,2.16,24.72,0.012,0.102,2.3,9.2
3.036554268,0.17,0.003,47.75,0.06,0.325,0.35,800,2.3,769,2.424870466,25.74093265,0.006217617,0.099481865,2.3,10.4
3.015934981,0.17,0.003,48.3,0.055,0.26,0.3475,800,2.32,771,2.300518135,25.36787565,0.006217617,0.099481865,2.3,10.4
3.015934981,0.17,0.003,48.3,0.055,0.26,0.3475,800,2.32,769,2.187192118,23.52709359,0.00591133,0.100492611,2.3,9.9
3.015934981,0.17,0.003,48.3,0.055,0.26,0.3475,800,2.32,767,2.260869565,22.78260869,0.005797102,0.098550725,2.3,10.5
3.015934981,0.17,0.003,48.3,0.055,0.26,0.3475,800,2.32,773,2.314720812,24.24365482,0.012182741,0.097461929,2.3,10.5
2.995732274,0.17,0.003,48.2,0.125,0.185,0.34,700,2.54,767,2.362694301,25.49222798,0.012435233,0.099481865,2.3,10
2.995732274,0.17,0.003,48.2,0.125,0.185,0.34,700,2.54,768,2.305418719,24.4137931,0.01182266,0.100492611,2.3,9.7
2.995732274,0.17,0.003,48.2,0.125,0.185,0.34,700,2.54,765,2.282926829,23.76585366,0.011707317,0.099512195,2.3,10.1
2.995732274,0.17,0.003,48.2,0.125,0.185,0.34,700,2.54,764,2.161137441,23.37440758,0.011374408,0.102369668,2.3,11
2.95651156,0.17,0.003,48.3,0.06,0.305,0.34,700,1.78,765,2.666666667,24.84848485,0.012121212,0.103030303,2.3,9.6
2.95651156,0.17,0.003,48.3,0.06,0.305,0.34,700,1.78,765,2.741116752,25.21827412,0.012182741,0.103553299,2.3,9.3
2.95651156,0.17,0.003,48.3,0.06,0.305,0.34,700,1.78,762,2.793650794,26.28571428,0.012698413,0.101587302,2.3,10.1
2.95651156,0.17,0.003,48.3,0.06,0.305,0.34,700,1.78,760,2.715789474,26.08421052,0.012631579,0.094736842,2.3,10.4
3.036554268,0.17,0.009,48.45,0.02,0.195,0.33,900,2.24,765,2.34,24.42,0.006,0.09,2.3,10.7
3.146555163,0.17,0.003,49.6,0.005,0.24,0.33,800,1.71,766,2.34,23.82,0.006,0.096,2.3,11.5
3.146555163,0.17,0.003,49.6,0.005,0.24,0.33,800,1.71,765,2.305418719,23.46798029,0.00591133,0.094581281,2.3,10.4
3.146555163,0.17,0.003,49.6,0.005,0.24,0.33,800,1.71,766,2.571428572,27.75824176,0.006593407,0.098901099,2.3,9.9
3.146555163,0.17,0.003,49.6,0.005,0.24,0.33,800,1.71,778,2.201834862,24.55045872,0.005504587,0.181651376,2.2,9.9
3.270169119,0.17,0.003,49.75,0.005,0.215,0.3325,800,1.93,775,2.31884058,25.50724638,0.005797102,0.162318841,2.2,10.3
3.270169119,0.17,0.003,49.75,0.005,0.215,0.3325,800,1.93,778,2.536082474,26.41237113,0.006185567,0.12371134,2.3,10.2
3.270169119,0.17,0.003,49.75,0.005,0.215,0.3325,800,1.93,777,2.536082474,25.54639175,0.006185567,0.105154639,2.3,10.4
3.270169119,0.17,0.003,49.75,0.005,0.215,0.3325,800,1.93,775,2.57591623,25.2565445,0.006282722,0.10052356,2.3,10.2
3.101092789,0.17,0.003,46.5,0.09,0.265,0.335,700,1.21,772,2.617021277,26.04255319,0.006382978,0.095744681,2.3,11.3
3.101092789,0.17,0.003,46.5,0.09,0.265,0.335,700,1.21,766,2.4,24.06,0.006,0.096,2.3,10.2
3.101092789,0.17,0.003,46.5,0.09,0.265,0.335,700,1.21,764,2.34,23.7,0.006,0.084,2.3,10.7
3.101092789,0.17,0.003,46.5,0.09,0.265,0.335,700,1.21,768,2.507462687,22.92537313,0.011940298,0.083582089,2.3,10.5
3.194183212,0.17,0.006,48.15,0.045,0.29,0.335,800,1.96,766,2.260869565,22.49275362,0.011594203,0.092753623,2.3,10.2
3.194183212,0.17,0.006,48.15,0.045,0.29,0.335,800,1.96,766,2.260869565,22.78260869,0.005797102,0.092753623,2.3,10.5
3.194183212,0.17,0.006,48.15,0.045,0.29,0.335,800,1.96,768,2.42364532,23.6453202,0.00591133,0.094581281,2.3,11.2
3.194183212,0.17,0.006,48.15,0.045,0.29,0.335,800,1.96,767,2.474226804,24.55670103,0.006185567,0.092783505,2.3,11.3
3.057607677,0.17,0.006,48.35,0.08,0.255,0.335,700,2.43,770,2.4,24.24,0.006,0.096,2.3,12
3.057607677,0.17,0.006,48.35,0.08,0.255,0.335,700,2.43,771,2.412371134,24.68041237,0.006185567,0.105154639,2.3,9.9
3.057607677,0.17,0.006,48.35,0.08,0.255,0.335,700,2.43,767,2.4,25.2,0.006315789,0.12,2.3,10
3.057607677,0.17,0.006,48.35,0.08,0.255,0.335,700,2.43,769,2.408898305,24.70550848,0.006355932,0.11440678,2.31,10.1
3.057607677,0.17,0.003,48.9,0.01,0.235,0.335,700,2.59,769,2.501567398,24.17554859,0.006269592,0.112852665,2.26,9.7
3.057607677,0.17,0.003,48.9,0.01,0.235,0.335,700,2.59,762,2.371257485,23.05988024,0.005988024,0.113772455,2.3,9.8
3.057607677,0.17,0.003,48.9,0.01,0.235,0.335,700,2.59,767,2.429776675,22.77915633,0.005955335,0.113151365,2.25,9.9
3.057607677,0.17,0.003,48.9,0.01,0.235,0.335,700,2.59,769,2.336594912,22.59099805,0.005870842,0.105675147,2.33,10.5
3.079113882,0.17,0.003,48.8,0.01,0.14,0.3375,800,2.69,770,2.30344159,22.70867668,0.005816772,0.110518662,2.3,10.1
3.079113882,0.17,0.003,48.8,0.01,0.14,0.3375,800,2.69,766,2.587360595,25.15347849,0.006372809,0.101964949,2.25,10
3.079113882,0.17,0.003,48.8,0.01,0.14,0.3375,800,2.69,764,2.548956662,25.30979133,0.006420545,0.102728732,2.28,9.5
3.079113882,0.17,0.003,48.8,0.01,0.14,0.3375,800,2.69,765,2.339882122,23.07465619,0.00589391,0.100196464,2.3,9.5
3.036554268,0.17,0.006,49.45,0.01,0.205,0.34,900,2.83,765,2.330554193,22.92888671,0.005885238,0.100049044,2.3,10.4
3.036554268,0.17,0.006,49.45,0.01,0.205,0.34,900,2.83,769,2.385861561,22.62739322,0.005891016,0.100147275,2.31,9.6
3.036554268,0.17,0.006,49.45,0.01,0.205,0.34,900,2.83,767,2.476582604,23.79619145,0.006176016,0.111168296,2.29,10
3.036554268,0.17,0.006,49.45,0.01,0.205,0.34,900,2.83,768,2.635091496,25.09149623,0.006458558,0.116254037,2.23,9.8
3.146555163,0.17,0.009,49.25,0.015,0.115,0.34,900,2.45,770,2.508143322,25.35504886,0.006514658,0.130293159,2.31,9.6
3.146555163,0.17,0.009,49.25,0.015,0.115,0.34,900,2.45,770,2.477580813,24.51303441,0.006256517,0.125130344,2.22,10
3.146555163,0.17,0.009,49.25,0.015,0.115,0.34,900,2.45,768,2.411071245,24.02460277,0.006150692,0.110712455,2.24,10.2
3.146555163,0.17,0.009,49.25,0.015,0.115,0.34,900,2.45,771,2.487112046,24.73855865,0.006312467,0.113624408,2.21,9.9
3.218875825,0.165,0.006,48.75,0.015,0.28,0.3375,800,1.91,764,2.509383378,24.92654155,0.006434316,0.109383378,2.27,9.7
3.218875825,0.165,0.006,48.75,0.015,0.28,0.3375,800,1.91,773,2.445405405,25.13513514,0.006486486,0.103783784,2.32,10
3.218875825,0.165,0.006,48.75,0.015,0.28,0.3375,800,1.91,768,2.603345925,25.08148948,0.006475985,0.103615758,2.31,9.6
3.218875825,0.165,0.006,48.75,0.015,0.28,0.3375,800,1.91,770,2.382848392,24.25727412,0.006125575,0.122511485,2.27,10
3.170085661,0.165,0.006,49.6,0.01,0.18,0.34,800,2.28,771,2.344615385,24.30769231,0.006153846,0.123076923,2.29,9.9
3.170085661,0.165,0.006,49.6,0.01,0.18,0.34,800,2.28,767,2.518913159,24.98454982,0.006393181,0.10868407,2.24,9.3
3.170085661,0.165,0.006,49.6,0.01,0.18,0.34,800,2.28,771,2.533551555,25.57774141,0.006546645,0.104746318,2.28,9.8
3.170085661,0.165,0.006,49.6,0.01,0.18,0.34,800,2.28,768,2.62987013,25.33766234,0.006493506,0.123376623,2.29,10.1
3.036554268,0.17,0.003,49.65,0.005,0.23,0.345,700,2.04,770,2.416107382,24.6566856,0.006195147,0.111512648,2.3,9.7
3.036554268,0.17,0.003,49.65,0.005,0.23,0.345,700,2.04,766,2.594764398,24.91099476,0.006282722,0.113089005,2.3,10.3
3.036554268,0.17,0.003,49.65,0.005,0.23,0.345,700,2.04,773,2.386112572,25.98211468,0.006312467,0.132561809,2.31,9.5
3.036554268,0.17,0.003,49.65,0.005,0.23,0.345,700,2.04,767,2.509677419,27.1483871,0.006451613,0.129032258,2.33,9.3
3.381394754,0.165,0.003,49.35,0.01,0.165,0.345,900,2.09,765,2.391437309,25.05810398,0.006116208,0.110091743,2.31,10
3.381394754,0.165,0.003,49.35,0.01,0.165,0.345,900,2.09,767,2.391437309,25.05810398,0.006116208,0.110091743,2.35,9.7
3.381394754,0.165,0.003,49.35,0.01,0.165,0.345,900,2.09,763,2.25711275,25.15700738,0.006322445,0.107481559,2.29,9.7
3.381394754,0.165,0.003,49.35,0.01,0.165,0.345,900,2.09,767,2.327347358,24.45561827,0.006157004,0.104669061,2.3,9.5
3.324236341,0.17,0.006,49.35,0.005,0.14,0.3425,1000,2.23,766,2.459782045,25.19564089,0.006227296,0.105864038,2.27,9.3
3.324236341,0.17,0.006,49.35,0.005,0.14,0.3425,1000,2.23,764,2.357033248,24.4112532,0.006138108,0.104347826,2.33,10.3
3.324236341,0.17,0.006,49.35,0.005,0.14,0.3425,1000,2.23,758,2.252964427,23.55533597,0.005928854,0.106719368,2.27,10.1
3.324236341,0.17,0.006,49.35,0.005,0.14,0.3425,1000,2.23,761,2.238894373,23.75715696,0.005923001,0.100691017,2.33,10.3
2.900422094,0.17,0.009,49.4,0.015,0.12,0.345,1000,2.26,769,2.371413102,26.39090417,0.006497022,0.103952355,2.3,9.7
2.900422094,0.17,0.009,49.4,0.015,0.12,0.345,1000,2.26,770,2.393442623,26.60327869,0.006557377,0.104918033,2.32,10.2
2.900422094,0.17,0.009,49.4,0.015,0.12,0.345,1000,2.26,767,2.159544159,23.11680912,0.005698005,0.102564102,2.32,10.1
2.900422094,0.17,0.009,49.4,0.015,0.12,0.345,1000,2.26,768,2.252579852,23.28648648,0.005896806,0.1002457,2.34,10.4
2.813410717,0.165,0.003,48.25,0.015,0.16,0.3425,900,2.24,765,2.434141202,25.25184405,0.006322445,0.120126449,2.27,9.9
2.813410717,0.165,0.003,48.25,0.015,0.16,0.3425,900,2.24,767,2.393406593,26.40659341,0.006593407,0.112087912,2.3,10.2
2.813410717,0.165,0.003,48.25,0.015,0.16,0.3425,900,2.24,763,2.672576177,26.4132964,0.006648199,0.113019391,2.33,10.2
2.813410717,0.165,0.003,48.25,0.015,0.16,0.3425,900,2.24,764,2.209912536,23.20699708,0.005830904,0.104956268,2.3,10.3
2.937463365,0.165,0.009,49,0.015,0.12,0.3425,1000,2.49,766,2.4,24.68393782,0.006217617,0.105699482,2.3,9.9
2.937463365,0.165,0.009,49,0.015,0.12,0.3425,1000,2.49,765,2.334365325,24.58823529,0.006191951,0.117647058,2.3,10.4
2.937463365,0.165,0.009,49,0.015,0.12,0.3425,1000,2.49,763,2.303462322,24.00610998,0,0.122199592,2.33,10
2.937463365,0.165,0.009,49,0.015,0.12,0.3425,1000,2.49,764,2.256410256,23.60784314,0.006033182,0.12066365,2.3,11
3.540459449,0.165,0.003,48.7,0.01,0.13,0.345,1000,2.23,766,2.456544502,25.96649215,0.006282722,0.106806283,2.3,10.2
3.540459449,0.165,0.003,48.7,0.01,0.13,0.345,1000,2.23,765,2.392484342,25.14613778,0,0.12526096,2.3,10.6
3.540459449,0.165,0.003,48.7,0.01,0.13,0.345,1000,2.23,767,2.32659409,24.74027994,0.00622084,0.118195956,2.33,10.3
2.830217835,0.175,0.009,48.75,0.05,0.155,0.335,1000,1.17,780,2.424870466,26.61139896,0.012435233,0.093264248,2.3,10.6
2.830217835,0.175,0.009,48.75,0.05,0.155,0.335,1000,1.17,777,2.603174603,27.3015873,0.012698413,0.088888889,2.3,9.9
2.830217835,0.175,0.009,48.75,0.05,0.155,0.335,1000,1.17,777,2.387434555,26.82722513,0.012565445,0.094240838,2.3,11
2.830217835,0.175,0.009,48.75,0.05,0.155,0.335,1000,1.17,773,2.228571428,24.51428572,0.017142857,0.097142857,2.3,10.2
2.975929646,0.17,0.006,47.45,0.085,0.17,0.3325,1100,1.55,775,2.330097088,24.99029126,0.011650485,0.093203884,2.3,10.6
2.975929646,0.17,0.006,47.45,0.085,0.17,0.3325,1100,1.55,775,2.25,24.40384615,0.011538462,0.092307692,2.3,10.3
2.975929646,0.17,0.006,47.45,0.085,0.17,0.3325,1100,1.55,778,2.305418719,25.59605912,0.01773399,0.100492611,2.3,10.6
2.975929646,0.17,0.006,47.45,0.085,0.17,0.3325,1100,1.55,779,2.072727273,23.56363636,0.016363636,0.109090909,2.2,10.4
2.796881415,0.175,0.006,48.5,0.065,0.195,0.335,900,2.25,777,2.181818182,24.34449761,0.01722488,0.091866028,2.3,10.3
2.796881415,0.175,0.006,48.5,0.065,0.195,0.335,900,2.25,779,2.120930232,25.11627907,0.016744186,0.117209302,2.2,9.9
2.796881415,0.175,0.006,48.5,0.065,0.195,0.335,900,2.25,780,2.120930232,25.11627907,0.016744186,0.117209302,2.2,9.9
2.796881415,0.175,0.006,48.5,0.065,0.195,0.335,900,2.25,780,2.228571428,25.2,0.017142857,0.097142857,2.3,10.7
2.796881415,0.175,0.012,48.4,0.095,0.24,0.3325,800,1.56,781,2.176470588,26.05882353,0.011764706,0.1,2.2,9.8
2.796881415,0.175,0.012,48.4,0.095,0.24,0.3325,800,1.56,783,2.257425742,26.37623762,0.011881188,0.095049505,2.2,10.1
2.796881415,0.175,0.012,48.4,0.095,0.24,0.3325,800,1.56,780,2.257425742,26.37623762,0.011881188,0.095049505,2.2,10
2.796881415,0.175,0.012,48.4,0.095,0.24,0.3325,800,1.56,778,2.28,26.7,0.018,0.096,2.2,10.5
2.733368009,0.175,0.006,47.4,0.2,0.23,0.33,800,1.7,782,2.224390244,25.28780488,0.017560975,0.087804878,2.2,11.7
2.733368009,0.175,0.006,47.4,0.2,0.23,0.33,800,1.7,781,2.291457286,26.53266332,0.018090452,0.096482412,2.3,9.9
2.733368009,0.175,0.006,47.4,0.2,0.23,0.33,800,1.7,787,2.224390244,25.28780488,0.017560975,0.087804878,2.2,11.7
2.733368009,0.175,0.006,47.4,0.2,0.23,0.33,800,1.7,778,2.424870466,26.67357513,0.01865285,0.093264248,2.2,10
2.673648774,0.175,0.006,47.85,0.16,0.175,0.335,1000,1.46,780,2.23923445,24.57416268,0.01722488,0.091866028,2.2,10.3
2.673648774,0.175,0.006,47.85,0.16,0.175,0.335,1000,1.46,773,2.20754717,24.39622642,0.016981132,0.096226415,2.3,10.2
2.673648774,0.175,0.006,47.85,0.16,0.175,0.335,1000,1.46,781,2.314720812,26.1928934,0.018274112,0.091370558,2.3,10.3
2.673648774,0.175,0.006,47.85,0.16,0.175,0.335,1000,1.46,777,2.155339806,25.04854369,0.017475728,0.093203884,2.2,10.2
2.900422094,0.18,0.003,48,0.04,0.17,0.33,1200,1.62,783,2.412060302,25.68844221,0.018090452,0.090452262,2.2,10.2
2.900422094,0.18,0.003,48,0.04,0.17,0.33,1200,1.62,779,2.314720812,25.94923858,0.018274112,0.091370558,2.2,9.7
2.900422094,0.18,0.003,48,0.04,0.17,0.33,1200,1.62,781,2.215384615,25.96923077,0.024615385,0.129230769,2.3,10.3
2.900422094,0.18,0.003,48,0.04,0.17,0.33,1200,1.62,787,2.226804124,26.28865979,0.018556701,0.136082474,2.3,9.8
2.645075402,0.18,0.003,48.35,0.035,0.155,0.3525,1100,1.4,791,2.28,25.38,0.024,0.162,2.2,9.9
2.645075402,0.18,0.003,48.35,0.035,0.155,0.3525,1100,1.4,788,2.291457286,25.56783919,0.024120603,0.16281407,2.3,10
2.645075402,0.18,0.003,48.35,0.035,0.155,0.3525,1100,1.4,796,2.314720812,25.70558375,0.024365482,0.170558375,2.2,10.1
2.645075402,0.18,0.003,48.35,0.035,0.155,0.3525,1100,1.4,790,2.314720812,25.70558375,0.024365482,0.170558375,2.2,10.1
2.673648774,0.18,0.006,47.75,0.11,0.13,0.3475,1100,1.7,791,2.235294118,25,0.017647058,0.152941176,2.2,10.7
2.673648774,0.18,0.006,47.75,0.11,0.13,0.3475,1100,1.7,793,2.097087378,24.58252427,0.023300971,0.163106796,2.2,9.7
2.673648774,0.18,0.006,47.75,0.11,0.13,0.3475,1100,1.7,789,2.213592233,24.75728155,0.017475728,0.116504855,2.2,10.4
2.673648774,0.18,0.006,47.75,0.11,0.13,0.3475,1100,1.7,786,2.235294118,25,0.017647058,0.152941176,2.3,8.9
2.603690186,0.18,0.003,48.75,0.025,0.155,0.35,1000,1.51,784,2.224390244,24.87804878,0.017560975,0.122926829,2.2,10
2.659260037,0.18,0.006,47.25,0.145,0.075,0.3525,900,1.98,782,2.4,25.2,0.018,0.102,2.3,10.4
2.538307427,0.175,0.006,47.8,0.025,0.085,0.35,1000,2.26,787,2.294117647,24.94117647,0.017647058,0.117647058,2.3,9.6
2.488914671,0.18,0.003,48.05,0.135,0.115,0.3475,1000,1.13,784,2.435643565,24.71287128,0.017821782,0.095049505,2.2,10.3
2.47693848,0.18,0.003,48.25,0.03,0.28,0.3475,1100,1.52,781,2.36453202,24.94581281,0.01773399,0.094581281,2.3,10.2
2.47693848,0.18,0.003,48.25,0.03,0.28,0.3475,1100,1.52,780,2.387755102,26.57142857,0.018367347,0.097959184,2.2,10.3
2.47693848,0.18,0.003,48.25,0.03,0.28,0.3475,1100,1.52,778,2.363636364,26.18181818,0.018181818,0.103030303,2.2,10.3
2.47693848,0.18,0.003,48.25,0.03,0.28,0.3475,1100,1.52,778,2.363636364,26.06060606,0.018181818,0.096969697,2.2,10.4
2.551046452,0.175,0.003,48.4,0.085,0.21,0.3475,1100,1.63,779,2.307692308,24.80769231,0.023076923,0.121153846,2.2,11.1
2.551046452,0.175,0.003,48.4,0.085,0.21,0.3475,1100,1.63,780,2.197183098,24.05633803,0.022535212,0.107042254,2.2,10.6
2.551046452,0.175,0.003,48.4,0.085,0.21,0.3475,1100,1.63,786,2.352941176,26.11764706,0.023529412,0.129411765,2.2,10.1
2.551046452,0.175,0.003,48.4,0.085,0.21,0.3475,1100,1.63,783,2.285714285,25.42857143,0.022857143,0.137142857,2.3,9.7
2.645075402,0.175,0.006,48.3,0.025,0.235,0.35,900,1.58,789,2.176744186,25.11627907,0.022325582,0.139534884,2.2,9.5
2.645075402,0.175,0.006,48.3,0.025,0.235,0.35,900,1.58,784,2.436548223,27.95939086,0.030456853,0.10964467,2.2,10.3
2.645075402,0.175,0.006,48.3,0.025,0.235,0.35,900,1.58,786,2.161137441,25.81990522,0.022748815,0.113744076,2.2,10.3
2.645075402,0.175,0.006,48.3,0.025,0.235,0.35,900,1.58,787,2.260869565,26.84057971,0.023188406,0.104347826,2.3,10
2.590267165,0.18,0.006,48.1,0.1,0.235,0.3425,1100,1.15,785,2.218009478,26.04739336,0.028436019,0.130805687,2.2,9.6
2.590267165,0.18,0.006,48.1,0.1,0.235,0.3425,1100,1.15,786,2.34,27.06,0.024,0.108,2.2,10.3
2.590267165,0.18,0.006,48.1,0.1,0.235,0.3425,1100,1.15,784,2.242424242,27.93939394,0.024242425,0.096969697,2.2,9.8
2.590267165,0.18,0.006,48.1,0.1,0.235,0.3425,1100,1.15,782,2.208955224,27.40298508,0.023880597,0.095522388,2.2,9.8
2.385966702,0.175,0.006,47.75,0.05,0.155,0.3425,900,1.27,781,2.20754717,24.33962264,0.028301887,0.101886792,2.2,10.2
2.385966702,0.175,0.006,47.75,0.05,0.155,0.3425,900,1.27,779,2.218009478,24.62559242,0.022748815,0.136492891,2.2,10
2.385966702,0.175,0.006,47.75,0.05,0.155,0.3425,900,1.27,785,2.20754717,24.62264151,0.028301887,0.147169812,2.2,9.5
2.385966702,0.175,0.006,47.75,0.05,0.155,0.3425,900,1.27,784,2.387755102,27.12244898,0.030612245,0.153061225,2.2,10.3
2.617295838,0.18,0.003,48.65,0.065,0.16,0.345,1000,1.86,784,2.350515464,27.21649485,0.024742268,0.117525773,2.3,10.3
2.617295838,0.18,0.003,48.65,0.065,0.16,0.345,1000,1.86,783,2.536082474,27.03092784,0.030927835,0.111340206,2.3,10.2
2.617295838,0.18,0.003,48.65,0.065,0.16,0.345,1000,1.86,783,2.352941176,25.70588235,0.029411765,0.105882353,2.3,10
2.617295838,0.18,0.003,48.65,0.065,0.16,0.345,1000,1.86,787,2.228571428,24.74285715,0.028571428,0.097142857,2.3,10
2.63108916,0.18,0.006,48.75,0.02,0.165,0.3375,800,1.08,780,2.31884058,25.15942029,0.028985507,0.110144928,2.3,9.4
2.63108916,0.18,0.006,48.75,0.02,0.165,0.3375,800,1.08,785,2.314720812,26.86294416,0.030456853,0.103553299,2.3,10.2
2.63108916,0.18,0.006,48.75,0.02,0.165,0.3375,800,1.08,788,2.351758794,26.47236181,0.030150754,0.108542714,2.3,10.4
2.63108916,0.18,0.006,48.75,0.02,0.165,0.3375,800,1.08,779,2.187192118,26.36453202,0.03546798,0.100492611,2.3,10.3
2.900422094,0.175,0.003,48.35,0.035,0.36,0.325,1100,1.22,781,2.213592233,25.22330097,0.029126214,0.116504855,2.3,10.3
2.900422094,0.175,0.003,48.35,0.035,0.36,0.325,1100,1.22,779,2.28,26.22,0.036,0.096,2.3,10.1
2.900422094,0.175,0.003,48.35,0.035,0.36,0.325,1100,1.22,779,2.303030303,26.3030303,0.03030303,0.103030303,2.2,10
2.900422094,0.175,0.003,48.35,0.035,0.36,0.325,1100,1.22,777,2.144927536,25.15942029,0.028985507,0.110144928,2.2,10.1
2.900422094,0.175,0.003,47.95,0.095,0.23,0.33,800,1.56,777,2.387434555,27.58115183,0.037696335,0.087958115,2.3,9.7
2.900422094,0.175,0.003,47.95,0.095,0.23,0.33,800,1.56,781,2.300518135,27.73056995,0.031088083,0.093264248,2.2,9.8
2.900422094,0.175,0.003,47.95,0.095,0.23,0.33,800,1.56,781,2.305418719,25.41871922,0.03546798,0.100492611,2.3,10
2.900422094,0.175,0.003,47.95,0.095,0.23,0.33,800,1.56,776,2.276923077,26.46153846,0.030769231,0.098461538,2.2,10.5
2.563949857,0.175,0.003,48.25,0.035,0.25,0.33,1100,1.52,784,2.333333333,29.26666667,0.033333333,0.16,2.2,9.8
2.563949857,0.175,0.003,48.25,0.035,0.25,0.33,1100,1.52,783,2.491803278,28.39344262,0.032786885,0.163934426,2.2,9.4
2.563949857,0.175,0.003,48.25,0.035,0.25,0.33,1100,1.52,778,2.202898551,23.82608695,0.028985507,0.092753623,2.3,9.7
2.563949857,0.175,0.003,48.25,0.035,0.25,0.33,1100,1.52,775,2.038834952,25.33980582,0.029126214,0.099029126,2.3,9.5
2.551046452,0.175,0.0012,49.15,0.005,0.25,0.3375,700,1.21,783,2.257425742,25.30693069,0.02970297,0.112871287,2.3,10.2
2.551046452,0.175,0.0012,49.15,0.005,0.25,0.3375,700,1.21,778,2.375634518,26.07106599,0.030456853,0.091370558,2.3,9.5
2.551046452,0.175,0.0012,49.15,0.005,0.25,0.3375,700,1.21,792,2.242424242,25.81818182,0.03030303,0.090909091,2.1,9.5
2.551046452,0.175,0.0012,49.15,0.005,0.25,0.3375,700,1.21,788,2.387096774,27.29032258,0.032258065,0.135483871,2.3,7.9
2.645075402,0.17,0.003,47.7,0.055,0.22,0.34,900,1.56,788,2.352941176,24.64705882,0.029411765,0.1,2.3,10.1
2.645075402,0.17,0.003,47.7,0.055,0.22,0.34,900,1.56,782,2.412371134,25.91752578,0.030927835,0.086597938,2.2,10.1
2.645075402,0.17,0.003,47.7,0.055,0.22,0.34,900,1.56,777,2.01980198,25.06930693,0.023762376,0.100990099,2.3,9.9
2.645075402,0.17,0.003,47.7,0.055,0.22,0.34,900,1.56,777,2.111111111,24.22222222,0.027777778,0.1,2.3,9.8
2.673648774,0.17,0.003,47.25,0.19,0.395,0.325,1100,1.36,775,2.171428572,24.97142857,0.028571428,0.102857143,2.2,9.9
2.673648774,0.17,0.003,47.25,0.19,0.395,0.325,1100,1.36,777,2.084210526,24.63157895,0.018947368,0.101052632,2.3,9.9
2.673648774,0.17,0.003,47.25,0.19,0.395,0.325,1100,1.36,777,2.176165803,24.37305699,0.01865285,0.099481865,2.2,8.4
2.673648774,0.17,0.003,47.25,0.19,0.395,0.325,1100,1.36,778,2.158730158,24.76190476,0.019047619,0.095238095,2.2,8.9
2.780620894,0.175,0.003,48.45,0.02,0.37,0.3275,1100,1.88,781,2.181818182,25.47593583,0.019251337,0.096256685,2.2,9.7
2.780620894,0.175,0.003,48.45,0.02,0.37,0.3275,1100,1.88,778,2.158730158,24.38095238,0.019047619,0.107936508,2.3,9.9
2.780620894,0.175,0.003,48.45,0.02,0.37,0.3275,1100,1.88,784,2.117647058,25.6684492,0.012834225,0.096256685,2.3,9.8
2.780620894,0.175,0.003,48.45,0.02,0.37,0.3275,1100,1.88,779,2.212290503,26.88268156,0.013407822,0.093854748,2.3,10.1
2.995732274,0.17,0.003,48.15,0.015,0.325,0.3275,900,2,781,2.320441989,27.04972375,0.013259668,0.092817679,2.3,9.8
2.995732274,0.17,0.003,48.15,0.015,0.325,0.3275,900,2,778,2.125714285,26.12571428,0.013714285,0.096,2.2,9.6
2.995732274,0.17,0.003,48.15,0.015,0.325,0.3275,900,2,775,2.066666667,27.13333333,0.013333333,0.093333333,2.3,9.4
2.995732274,0.17,0.003,48.15,0.015,0.325,0.3275,900,2,773,2.320441989,27.04972375,0.013259668,0.092817679,2.3,9.8
2.847312268,0.17,0,47.9,0.045,0.29,0.3275,800,1.83,772,2.095238095,25.26984127,0.012698413,0.095238095,2.3,9.5
2.847312268,0.17,0,47.9,0.045,0.29,0.3275,800,1.83,772,2.086956522,26.73913044,0.013043478,0.097826087,2.3,10
2.847312268,0.17,0,47.9,0.045,0.29,0.3275,800,1.83,788,1.978723405,25.40425532,0.012765958,0.095744681,2.3,9.6
2.847312268,0.17,0,47.9,0.045,0.29,0.3275,800,1.83,767,1.968253968,25.3968254,0.012698413,0.095238095,2.3,9.9
2.830217835,0.175,0.003,48.15,0.045,0.215,0.33,1000,1.94,775,1.914893617,25.72340425,0.012765958,0.095744681,2.3,9.6
2.830217835,0.175,0.003,48.15,0.045,0.215,0.33,1000,1.94,777,2.031746032,26.09523809,0.012698413,0.095238095,2.3,9.4
2.830217835,0.175,0.003,48.15,0.045,0.215,0.33,1000,1.94,774,2.092307692,25.66153846,0.018461538,0.098461538,2.3,9.7
2.830217835,0.175,0.003,48.15,0.045,0.215,0.33,1000,1.94,773,2.121212122,25.93939394,0.018181818,0.096969697,2.2,10
2.780620894,0.17,0,48.25,0.035,0.24,0.3375,700,2.23,776,2.081632653,25.28571428,0.012244898,0.097959184,2.3,9.6
2.780620894,0.17,0,48.25,0.035,0.24,0.3375,700,2.23,775,2.020408163,26.63265306,0.018367347,0.091836735,2.2,9.5
2.780620894,0.17,0,48.25,0.035,0.24,0.3375,700,2.23,774,2.051813472,26.92227979,0.01865285,0.093264248,2.3,9.6
2.780620894,0.17,0,48.25,0.035,0.24,0.3375,700,2.23,778,2.041237113,26.59793815,0.018556701,0.092783505,2.2,9.7
2.830217835,0.175,0.003,47,0.045,0.235,0.335,900,1.76,778,2.095238095,27.3015873,0.019047619,0.088888889,2.2,9.7
2.830217835,0.175,0.003,47,0.045,0.235,0.335,900,1.76,779,2.021739131,27.71739131,0.013043478,0.091304348,2.2,9.6
2.830217835,0.175,0.003,47,0.045,0.235,0.335,900,1.76,776,2.25,25.03846154,0.028846154,0.098076923,2.3,9.5
2.830217835,0.175,0.003,47,0.045,0.235,0.335,900,1.76,780,2.305418719,25.77339902,0.02955665,0.100492611,2.3,9.6
2.847312268,0.175,0.003,50,0.005,0.205,0.335,800,0.16,778,2.042553192,26.74468085,0.012765958,0.089361702,2.2,9.7
2.847312268,0.175,0.003,50,0.005,0.205,0.335,800,0.16,779,2.36453202,25.47783252,0.02955665,0.088669951,2.3,9.5
2.847312268,0.175,0.003,50,0.005,0.205,0.335,800,0.16,782,2.106382978,26.74468085,0.012765958,0.089361702,2.2,9.7
2.847312268,0.175,0.003,50,0.005,0.205,0.335,800,0.16,775,1.978723405,26.36170213,0.012765958,0.089361702,2.3,9.4
2.882403588,0.17,0.003,47.65,0.07,0.225,0.3375,800,2.67,778,2.031746032,26.34920635,0.012698413,0.088888889,2.3,9.5
2.882403588,0.17,0.003,47.65,0.07,0.225,0.3375,800,2.67,780,2.075675675,26.78918919,0.012972973,0.090810811,2.2,9.7
2.882403588,0.17,0.003,47.65,0.07,0.225,0.3375,800,2.67,777,2.064516129,26.70967742,0.012903226,0.090322581,2.3,9.6
2.882403588,0.17,0.003,47.65,0.07,0.225,0.3375,800,2.67,779,2.36453202,25.41871922,0.02955665,0.088669951,2.3,9.6
2.900422094,0.175,0.003,46.2,0.115,0.16,0.34,700,1.91,777,2.042553192,26.87234042,0.012765958,0.095744681,2.3,9.7
2.900422094,0.175,0.003,46.2,0.115,0.16,0.34,700,1.91,778,2.051813472,26.23834197,0.012435233,0.093264248,2.3,9.5
2.900422094,0.175,0.003,46.2,0.115,0.16,0.34,700,1.91,778,2.198952879,26.38743455,0.012565445,0.094240838,2.3,9.6
2.900422094,0.175,0.003,46.2,0.115,0.16,0.34,700,1.91,780,2.0625,26.375,0.0125,0.09375,2.3,9.6
2.813410717,0.175,0.003,48.25,0.04,0.145,0.3375,800,1.62,773,2.041237113,25.48453608,0.012371134,0.098969072,2.3,10.3
2.813410717,0.175,0.003,48.25,0.04,0.145,0.3375,800,1.62,775,2.226804124,25.48453608,0.012371134,0.098969072,2.2,10.2
2.864704011,0.17,0,47.15,0.07,0.185,0.3375,900,1.65,779,2.010152285,23.57360406,0.012182741,0.091370558,2.3,9.9
2.864704011,0.17,0,47.15,0.07,0.185,0.3375,900,1.65,769,1.891891892,21.40540541,0.021621622,0.097297297,2.3,9.9
2.864704011,0.17,0,47.15,0.07,0.185,0.3375,900,1.65,780,2.150943396,24.50943396,0.028301887,0.101886792,2.3,10.2
2.864704011,0.17,0,47.15,0.07,0.185,0.3375,900,1.65,780,2.149253732,24.53731343,0.011940298,0.095522388,2.2,10.3
2.995732274,0.17,0.003,46.15,0.155,0.22,0.34,700,1.75,776,2.242424242,24.72727273,0.018181818,0.096969697,2.2,10.1
2.995732274,0.17,0.003,46.15,0.155,0.22,0.34,700,1.75,779,2.265306122,24.79591837,0.018367347,0.097959184,2.2,10.1
2.995732274,0.17,0.003,46.15,0.155,0.22,0.34,700,1.75,779,2.387434555,25.69633508,0.018848168,0.094240838,2.2,10.5
2.995732274,0.17,0.003,46.15,0.155,0.22,0.34,700,1.75,775,2.265306122,24.79591837,0.018367347,0.097959184,2.2,10.1
3.036554268,0.17,0.003,46.1,0.06,0.165,0.3425,800,1.6,778,2.273684211,25.64210526,0.018947368,0.094736842,2.2,9.9
3.036554268,0.17,0.003,46.1,0.06,0.165,0.3425,800,1.6,777,2.32460733,25.57068063,0.018848168,0.094240838,2.2,10.1
3.036554268,0.17,0.003,46.1,0.06,0.165,0.3425,800,1.6,778,2.322580645,26.32258065,0.019354838,0.096774194,2.2,9.5
3.036554268,0.17,0.003,46.1,0.06,0.165,0.3425,800,1.6,783,2.089552238,24.23880597,0.017910448,0.095522388,2.2,10.1
2.796881415,0.175,0.003,48.1,0.035,0.175,0.335,700,1.96,776,2.068965517,24,0.01773399,0.094581281,2.2,9.6
2.796881415,0.175,0.003,48.1,0.035,0.175,0.335,700,1.96,782,2.170212766,26.17021277,0.019148936,0.095744681,2.3,9.6
2.796881415,0.175,0.003,48.1,0.035,0.175,0.335,700,1.96,790,2.142857143,25.04081632,0.018367347,0.097959184,2.2,9
2.796881415,0.175,0.003,48.1,0.035,0.175,0.335,700,1.96,782,2.092307692,25.47692308,0.012307692,0.092307692,2.3,10.4
2.995732274,0.175,0.003,48,0.1,0.14,0.3375,700,1.85,781,2.210526316,25.95789474,0.012631579,0.094736842,2.3,9.2
2.995732274,0.175,0.003,48,0.1,0.14,0.3375,700,1.85,780,2.081632653,25.04081632,0.012244898,0.091836735,2.3,9.4
2.995732274,0.175,0.003,48,0.1,0.14,0.3375,700,1.85,778,2.149253732,24.05970149,0.017910448,0.095522388,2.3,9.7
2.995732274,0.175,0.003,48,0.1,0.14,0.3375,700,1.85,777,2.27184466,25.04854369,0.029126214,0.104854369,2.3,9.8
2.830217835,0.175,0.003,48.45,0.11,0.075,0.335,900,1.87,773,2.205405405,26.91891892,0.012972973,0.11027027,2.2,9
2.830217835,0.175,0.003,48.45,0.11,0.075,0.335,900,1.87,778,2.131979695,24.24365482,0.012182741,0.097461929,2.2,9.6
2.830217835,0.175,0.003,48.45,0.11,0.075,0.335,900,1.87,779,2.193548387,26.83870968,0.019354838,0.109677419,2.2,9.1
2.830217835,0.175,0.003,48.45,0.11,0.075,0.335,900,1.87,784,2.075675675,26.98378378,0.019459459,0.11027027,2.3,9.4
2.975929646,0.175,0.006,48.7,0.025,0.17,0.3325,800,1.38,782,2.152173913,27.13043478,0.019565218,0.110869565,2.3,9.6
2.975929646,0.175,0.006,48.7,0.025,0.17,0.3325,800,1.38,781,2.170854272,24.60301508,0.018090452,0.102512563,2.2,9.5
2.975929646,0.175,0.006,48.7,0.025,0.17,0.3325,800,1.38,778,2.258064516,27.16129032,0.019354838,0.103225806,2.3,9.4
2.975929646,0.175,0.006,48.7,0.025,0.17,0.3325,800,1.38,771,2.436548223,24.91370558,0.018274112,0.103553299,2.3,9.8
3.146555163,0.175,0.003,48.45,0.04,0.18,0.33,1000,1.92,778,2.424870466,25.36787565,0.01865285,0.099481865,2.3,9.3
3.146555163,0.175,0.003,48.45,0.04,0.18,0.33,1000,1.92,770,2.387755102,25.16326531,0.018367347,0.097959184,2.3,10.1
3.146555163,0.175,0.003,48.45,0.04,0.18,0.33,1000,1.92,771,2.231155779,24.66331658,0.018090452,0.102512563,2.3,9.9
3.146555163,0.175,0.003,48.45,0.04,0.18,0.33,1000,1.92,769,2.238341969,25.61658031,0.01865285,0.093264248,2.3,9.7
2.95651156,0.17,0.003,47.85,0.06,0.125,0.3325,800,1.89,766,2.451612903,26.64516129,0.019354838,0.096774194,2.3,9.5
2.95651156,0.17,0.003,47.85,0.06,0.125,0.3325,800,1.89,773,2.089552238,24.47761194,0.017910448,0.095522388,2.3,9.6
2.95651156,0.17,0.003,47.85,0.06,0.125,0.3325,800,1.89,772,2.34,24.66,0.018,0.096,2.2,9.7
2.95651156,0.17,0.003,47.85,0.06,0.125,0.3325,800,1.89,778,2.089552238,24.47761194,0.017910448,0.095522388,2.3,9.6
2.975929646,0.175,0.003,48.55,0.04,0.12,0.3325,900,1.35,772,2.079207921,24.35643565,0.017821782,0.095049505,2.3,9.7
2.975929646,0.175,0.003,48.55,0.04,0.12,0.3325,900,1.35,775,2.210526316,27.03157895,0.018947368,0.088421052,2.3,10
2.975929646,0.175,0.003,48.55,0.04,0.12,0.3325,900,1.35,778,2.258064516,27.5483871,0.019354838,0.090322581,2.3,9.8
2.975929646,0.175,0.003,48.55,0.04,0.12,0.3325,900,1.35,774,2.009852217,25.18226601,0.01773399,0.088669951,2.3,9.7
3.170085661,0.17,0.006,49.35,0.005,0.075,0.34,1000,1.95,768,1.24137931,23.7635468,0.00591133,0.094581281,2.3,9.1
3.170085661,0.17,0.006,49.35,0.005,0.075,0.34,1000,1.95,769,2.238341969,25.24352332,0.006217617,0.111917098,2.3,10.4
3.170085661,0.17,0.006,49.35,0.005,0.075,0.34,1000,1.95,772,1.6,25.53846154,0.006153846,0.178461538,2.2,9.8
3.170085661,0.17,0.006,49.35,0.005,0.075,0.34,1000,1.95,771,2.064516129,27.61290322,0.006451613,0.206451613,2.2,9.2
3.036554268,0.17,0.003,49.05,0.005,0.03,0.3375,1200,2.34,768,1.935483871,27.61290322,0.006451613,0.187096774,2.2,9.4
3.036554268,0.17,0.003,49.05,0.005,0.03,0.3375,1200,2.34,764,1.567839196,27.13567839,0.006030151,0.144723618,2.3,9.8
3.036554268,0.17,0.003,49.05,0.005,0.03,0.3375,1200,2.34,765,1.567839196,27.13567839,0.006030151,0.114572865,2.3,9.7
3.036554268,0.17,0.003,49.05,0.005,0.03,0.3375,1200,2.34,761,1.677419355,27.67741935,0.006451613,0.096774194,2.3,9.3
3.270169119,0.17,0.009,49.15,0.005,0.1,0.3475,900,2.58,769,1.470588235,26.11764706,0.005882353,0.094117647,2.3,9.5
3.270169119,0.17,0.009,49.15,0.005,0.1,0.3475,900,2.58,764,1.339534884,24.44651163,0.005581395,0.094883721,2.3,10.4
3.270169119,0.17,0.009,49.15,0.005,0.1,0.3475,900,2.58,762,2.121212122,26.42424242,0.006060606,0.096969697,2.2,9.5
3.270169119,0.17,0.009,49.15,0.005,0.1,0.3475,900,2.58,765,1.678756477,27.17098445,0.006217617,0.099481865,2.3,10.4
3.146555163,0.17,0.012,49.3,0.01,0.185,0.3525,900,2.36,766,1.62,25.32,0.006,0.096,2.3,10.4
3.146555163,0.17,0.012,49.3,0.01,0.185,0.3525,900,2.36,760,1.6,24,0.005714285,0.108571428,2.2,9.8
3.146555163,0.17,0.012,49.3,0.01,0.185,0.3525,900,2.36,774,1.678756477,27.17098445,0.006217617,0.099481865,2.3,10.4
3.146555163,0.17,0.012,49.3,0.01,0.185,0.3525,900,2.36,778,1.62,25.32,0.006,0.096,2.3,10.4
2.975929646,0.17,0.003,49.15,0.01,0.17,0.355,700,2.59,778,1.6,24,0.005714285,0.108571428,2.2,9.8
2.975929646,0.17,0.003,49.15,0.01,0.17,0.355,700,2.59,790,1.611940298,25.43283582,0.005970149,0.113432836,2.2,10.6
2.975929646,0.17,0.003,49.15,0.01,0.17,0.355,700,2.59,776,1.442307692,24.86538462,0.005769231,0.121153846,2.3,10
2.813410717,0.17,0.003,48.95,0.005,0.12,0.345,900,2.15,775,1.485148515,25.54455445,0.005940594,0.124752475,2.3,10.1
2.813410717,0.17,0.003,48.95,0.005,0.12,0.345,900,2.15,769,1.521951219,25.40487805,0.005853658,0.117073171,2.3,9.7
2.813410717,0.17,0.003,48.95,0.005,0.12,0.345,900,2.15,776,1.748743718,25.50753768,0.006030151,0.114572865,2.2,10.3
2.813410717,0.17,0.003,48.95,0.005,0.12,0.345,900,2.15,771,1.608938548,27.95530726,0.006703911,0.10726257,2.2,9.7
2.95651156,0.17,0.009,49.2,0.01,0.15,0.345,800,2.22,772,1.428571428,27.71428572,0,0.1,2.2,10.3
2.95651156,0.17,0.009,49.2,0.01,0.15,0.345,800,2.22,775,0.844221105,21.70854272,0,0.090452262,2.3,10.3
2.95651156,0.17,0.009,49.2,0.01,0.15,0.345,800,2.22,773,1.333333333,23.21212122,0,0.096969697,2.2,10.7
2.95651156,0.17,0.009,49.2,0.01,0.15,0.345,800,2.22,774,1.530612245,23.69387755,0,0.097959184,2.2,9.6
3.218875825,0.17,0.006,48.95,0.015,0.155,0.35,900,1.62,770,1.653061225,23.87755102,0.006122449,0.097959184,2.3,9.7
3.218875825,0.17,0.006,48.95,0.015,0.155,0.35,900,1.62,773,1.751351352,25.42702703,0.006486486,0.097297297,2.3,9.7
3.218875825,0.17,0.006,48.95,0.015,0.155,0.35,900,1.62,775,1.881081081,25.55675675,0.006486486,0.097297297,2.3,9.1
3.218875825,0.17,0.006,48.95,0.015,0.155,0.35,900,1.62,774,2.010810811,25.81621622,0.006486486,0.097297297,2.2,9.7
3.296837366,0.17,0.009,49.2,0.01,0.155,0.3425,800,1.7,775,2.010810811,25.88108108,0,0.097297297,2.2,9.6
3.296837366,0.17,0.009,49.2,0.01,0.155,0.3425,800,1.7,770,2,25.61290322,0.006451613,0.096774194,2.2,9.9
3.296837366,0.17,0.009,49.2,0.01,0.155,0.3425,800,1.7,774,1.956521739,25.69565218,0,0.097826087,2.3,10
3.296837366,0.17,0.009,49.2,0.01,0.155,0.3425,800,1.7,768,1.68115942,22.37681159,0.005797102,0.098550725,2.3,10
3.575550769,0.17,0.006,49.25,0.01,0.28,0.3425,900,1.83,767,1.714285715,22.69950739,0.00591133,0.094581281,2.3,10.3
3.575550769,0.17,0.006,49.25,0.01,0.28,0.3425,900,1.83,766,1.796791444,27.0802139,0.006417112,0.102673797,2.3,9.9
3.575550769,0.17,0.006,49.25,0.01,0.28,0.3425,900,1.83,769,1.935483871,26.4516129,0.006451613,0.103225806,2.3,9.6
3.575550769,0.17,0.006,49.25,0.01,0.28,0.3425,900,1.83,765,1.806451613,25.16129032,0.006451613,0.096774194,2.3,9.9
3.381394754,0.165,0.009,49.3,0.005,0.29,0.3475,800,1.66,774,1.741935484,24.83870968,0.006451613,0.096774194,2.3,10.1
3.381394754,0.165,0.009,49.3,0.005,0.29,0.3475,800,1.66,772,1.723404255,24.25531915,0.006382978,0.095744681,2.3,10
3.381394754,0.165,0.009,49.3,0.005,0.29,0.3475,800,1.66,767,1.696335078,24.56544502,0.006282722,0.094240838,2.3,9.9
3.381394754,0.165,0.009,49.3,0.005,0.29,0.3475,800,1.66,767,1.714285715,25.04081632,0.006122449,0.104081632,2.2,10.3
3.123565645,0.16,0.015,49.35,0.01,0.28,0.345,800,2.11,770,1.653061225,25.22448979,0.006122449,0.104081632,2.2,9.9
3.123565645,0.16,0.015,49.35,0.01,0.28,0.345,800,2.11,766,1.463414634,23.70731708,0.005853658,0.099512195,2.3,9.9
3.123565645,0.16,0.015,49.35,0.01,0.28,0.345,800,2.11,765,1.552238806,24.29850746,0,0.095522388,2.3,9.8
3.123565645,0.16,0.015,49.35,0.01,0.28,0.345,800,2.11,769,1.591836735,25.16326531,0.006122449,0.091836735,2.3,9.8
3.506557897,0.165,0.003,49.3,0.005,0.285,0.3425,900,2.33,767,1.714285715,25.10204082,0,0.091836735,2.3,10
3.506557897,0.165,0.003,49.3,0.005,0.285,0.3425,900,2.33,767,1.821989528,25.44502618,0.006282722,0.10052356,2.2,9.9
3.506557897,0.165,0.003,49.3,0.005,0.285,0.3425,900,2.33,768,1.768421052,25.51578948,0.006315789,0.101052632,2.3,9.7
3.506557897,0.165,0.003,49.3,0.005,0.285,0.3425,900,2.33,760,1.777777778,25.20634921,0.006349206,0.095238095,2.3,10.1
3.270169119,0.165,0.003,48.8,0.015,0.275,0.3425,1000,2.72,767,1.875,24.5,0.00625,0.09375,2.3,10.5
3.270169119,0.165,0.003,48.8,0.015,0.275,0.3425,1000,2.72,763,1.878787878,23.81818182,0.006060606,0.096969697,2.3,10.2
3.270169119,0.165,0.003,48.8,0.015,0.275,0.3425,1000,2.72,768,1.814634146,23.29756098,0.005853658,0.093658537,2.2,9.9
3.270169119,0.165,0.003,48.8,0.015,0.275,0.3425,1000,2.72,769,1.809045226,22.97487437,0.006030151,0.090452262,2.3,9.8
3.146555163,0.165,0.003,48.9,0.005,0.245,0.345,1000,2.36,768,1.92,23.7,0.006,0.09,2.3,10.1
3.146555163,0.165,0.003,48.9,0.005,0.245,0.345,1000,2.36,770,2.125,24.4375,0.00625,0.0875,2.3,9.8
3.146555163,0.165,0.003,48.9,0.005,0.245,0.345,1000,2.36,767,2.125,24.4375,0.00625,0.0875,2.3,10.3
3.146555163,0.165,0.003,48.9,0.005,0.245,0.345,1000,2.36,767,1.764705882,23.35294118,0.005882353,0.082352942,2.3,10.1
3.146555163,0.165,0.003,49.1,0.005,0.15,0.345,800,2.56,767,1.689320388,23.12621359,0.005825243,0.087378641,2.3,10.2
3.146555163,0.165,0.003,49.1,0.005,0.15,0.345,800,2.56,766,1.791044776,23.46268657,0.005970149,0.089552238,2.3,10.5
3.146555163,0.165,0.003,49.1,0.005,0.15,0.345,800,2.56,770,1.823529412,23,0.005882353,0.088235294,2.2,10.5
3.146555163,0.165,0.003,49.1,0.005,0.15,0.345,800,2.56,756,1.793814433,24.30927835,0.006185567,0.092783505,2.2,11
3.036554268,0.165,0.003,48.65,0.005,0.295,0.3275,900,2.85,761,1.731958763,24.37113402,0.006185567,0.092783505,2.2,11
3.036554268,0.165,0.003,48.65,0.005,0.295,0.3275,900,2.85,765,1.757575758,24.54545455,0.006060606,0.096969697,2.3,9.5
3.036554268,0.165,0.003,48.65,0.005,0.295,0.3275,900,2.85,763,1.696969697,24.60606061,0.006060606,0.096969697,2.3,10.2
3.036554268,0.165,0.003,48.65,0.005,0.295,0.3275,900,2.85,762,1.705263158,25.38947368,0.006315789,0.094736842,2.3,10.2
3.381394754,0.165,0.003,48.25,0.01,0.26,0.3325,800,2.87,763,1.731958763,24.30927835,0.006185567,0.092783505,2.3,10.1
3.381394754,0.165,0.003,48.25,0.01,0.26,0.3325,800,2.87,755,1.827411168,23.81725888,0.006091371,0.091370558,2.3,9.6
3.381394754,0.165,0.003,48.25,0.01,0.26,0.3325,800,2.87,756,1.827411168,24.18274112,0.006091371,0.091370558,2.3,10.5
3.381394754,0.165,0.003,48.25,0.01,0.26,0.3325,800,2.87,753,1.949238578,24.18274112,0.006091371,0.091370558,2.3,10
3.244193633,0.165,0.015,48.9,0.005,0.38,0.335,1000,2.23,759,1.949238578,24.48730965,0.006091371,0.091370558,2.3,10.2
3.244193633,0.165,0.015,48.9,0.005,0.38,0.335,1000,2.23,760,1.9375,24.8125,0.00625,0.1,2.3,10.4
3.244193633,0.165,0.015,48.9,0.005,0.38,0.335,1000,2.23,756,1.846153846,24.43076923,0.006153846,0.098461538,2.3,10.2
3.244193633,0.165,0.015,48.9,0.005,0.38,0.335,1000,2.23,762,1.897959184,25.04081632,0.006122449,0.091836735,2.2,9.9
3.170085661,0.165,0.003,49.2,0.01,0.33,0.3375,1000,2.44,761,1.907692308,24.92307692,0.006153846,0.092307692,2.3,9.7
3.170085661,0.165,0.003,49.2,0.01,0.33,0.3375,1000,2.44,763,1.878787878,24.66666667,0.006060606,0.090909091,2.2,10.3
3.244193633,0.165,0.003,49.1,0.005,0.28,0.355,1100,2.7,763,1.960396039,23.52475248,0.005940594,0.089108911,2.3,9.8
3.244193633,0.165,0.003,49.1,0.005,0.28,0.355,1100,2.7,762,1.929648242,24.12060302,0.006030151,0.090452262,2.3,10.6
3.244193633,0.165,0.003,49.1,0.005,0.28,0.355,1100,2.7,764,1.86,23.82,0.006,0.09,2.3,9.6
3.244193633,0.165,0.003,49.1,0.005,0.28,0.355,1100,2.7,765,1.86,23.82,0.006,0.09,2.2,10.1
3.123565645,0.165,0.003,49.05,0.005,0.37,0.35,800,2.52,763,1.696969697,24.24242425,0.006060606,0.109090909,2.2,9.5
3.170085661,0.17,0.003,49.2,0.005,0.26,0.3525,1000,2.49,764,1.818181818,24.3030303,0.006060606,0.109090909,2.2,10.5
3.123565645,0.165,0.003,48.45,0.005,0.31,0.35,600,2.79,765,1.979381443,24.6185567,0.006185567,0.105154639,2.2,10.2
3.270169119,0.165,0.003,48.9,0.025,0.225,0.355,1100,1.48,760,1.855670103,24.55670103,0.006185567,0.105154639,2.3,10.3
3.381394754,0.165,0.003,49.1,0.005,0.09,0.3525,1100,2.45,762,1.803108808,24.74611399,0.006217617,0.105699482,2.3,10.2
3.218875825,0.17,0.003,49,0.005,0.405,0.355,800,2.74,773,1.846153846,24.67692308,0.006153846,0.104615385,2.3,10.5
3.218875825,0.17,0.003,49,0.005,0.405,0.355,800,2.74,774,1.827411168,24.36548223,0.006091371,0.103553299,2.3,10
3.218875825,0.17,0.003,49,0.005,0.405,0.355,800,2.74,770,2.081632653,24.48979592,0.006122449,0.104081632,2.3,10.2
3.506557897,0.17,0.003,48.05,0.005,0.3,0.3525,900,2.85,773,1.979381443,24.74226804,0.006185567,0.098969072,2.3,9.7
3.036554268,0.17,0.003,48.15,0.02,0.305,0.355,1000,2.84,776,1.947643979,25.19371728,0.006282722,0.119371728,2.3,9.9
3.036554268,0.17,0.003,48.15,0.02,0.305,0.355,1000,2.84,779,1.9375,25.3125,0.00625,0.1125,2.2,9.7
3.036554268,0.17,0.003,48.15,0.02,0.305,0.355,1000,2.84,776,1.92746114,24.87046632,0.006217617,0.111917098,2.3,10
3.036554268,0.17,0.003,48.15,0.02,0.305,0.355,1000,2.84,778,1.957894737,25.32631579,0.006315789,0.113684211,2.3,9.5
3.352407217,0.165,0.003,48.1,0.01,0.17,0.35,1000,2.69,772,1.846153846,24.8,0.006153846,0.110769231,2.2,9.9
3.218875825,0.17,0.003,48.45,0.025,0.19,0.355,800,3.02,776,1.92746114,25.18134715,0.006217617,0.111917098,2.2,9.6
3.218875825,0.17,0.003,48.45,0.025,0.19,0.355,800,3.02,776,1.836734694,24.73469388,0.006122449,0.104081632,2.3,10
3.218875825,0.17,0.003,48.45,0.025,0.19,0.355,800,3.02,773,1.855670103,24.68041237,0.006185567,0.105154639,2.3,10
3.218875825,0.17,0.003,48.45,0.025,0.19,0.355,800,3.02,778,1.888324873,24.60913705,0.006091371,0.103553299,2.3,10.1
3.270169119,0.175,0.006,48.05,0.015,0.22,0.3525,900,2.62,775,1.979381443,24.92783505,0.006185567,0.098969072,2.2,10.1
3.270169119,0.175,0.006,48.05,0.015,0.22,0.3525,900,2.62,781,2.031746032,25.52380952,0.006349206,0.095238095,2.3,9.7
3.270169119,0.175,0.006,48.05,0.015,0.22,0.3525,900,2.62,780,1.945945946,26.07567568,0.006486486,0.090810811,2.2,9.7
3.270169119,0.175,0.006,48.05,0.015,0.22,0.3525,900,2.62,782,1.988950276,26.98342542,0.006629835,0.092817679,2.2,9.6
3.170085661,0.175,0.006,48.7,0.01,0.19,0.3475,800,2.18,777,1.92513369,25.79679145,0.006417112,0.096256685,2.3,9.8
3.170085661,0.175,0.006,48.7,0.01,0.19,0.3475,800,2.18,780,1.949238578,24.18274112,0.006091371,0.097461929,2.3,10.4
3.170085661,0.175,0.006,48.7,0.01,0.19,0.3475,800,2.18,776,1.766497462,24.24365482,0.006091371,0.097461929,2.4,10.1
3.170085661,0.175,0.006,48.7,0.01,0.19,0.3475,800,2.18,783,1.888324873,24.36548223,0.006091371,0.097461929,2.3,10.2
2.975929646,0.175,0.006,48.55,0.005,0.295,0.3475,800,2.85,778,2.010471204,25.31937173,0.006282722,0.106806283,2.3,9.5
2.975929646,0.175,0.006,48.55,0.005,0.295,0.3475,800,2.85,778,1.935483871,26,0.006451613,0.109677419,2.3,9.6
2.975929646,0.175,0.006,48.55,0.005,0.295,0.3475,800,2.85,778,1.901639345,26.49180328,0.006557377,0.11147541,2.3,10
2.975929646,0.175,0.006,48.55,0.005,0.295,0.3475,800,2.85,780,1.901639345,26.49180328,0.006557377,0.11147541,2.3,9.6
3.015934981,0.175,0.006,49,0.005,0.305,0.345,800,2.15,778,2,25.375,0.00625,0.10625,2.3,10.7
3.015934981,0.175,0.006,49,0.005,0.305,0.345,800,2.15,779,1.8125,25.375,0.00625,0.11875,2.3,10.1
3.015934981,0.175,0.006,49,0.005,0.305,0.345,800,2.15,780,1.793814433,24.98969072,0.006185567,0.117525773,2.3,9.9
3.015934981,0.175,0.006,49,0.005,0.305,0.345,800,2.15,777,2.050251256,24.36180905,0.006030151,0.108542714,2.3,9.9
2.847312268,0.175,0.003,49.2,0.005,0.335,0.3475,800,1.87,782,2.103092784,24.86597938,0.006185567,0.105154639,2.3,10.1
2.847312268,0.175,0.003,49.2,0.005,0.335,0.3475,800,1.87,778,1.570680628,25.2565445,0.006282722,0.10052356,2.3,10.5
2.847312268,0.175,0.003,49.2,0.005,0.335,0.3475,800,1.87,783,2.117647058,25.86096257,0.006417112,0.121925134,2.3,10
2.847312268,0.175,0.003,49.2,0.005,0.335,0.3475,800,1.87,779,1.803108808,25.18134715,0.006217617,0.130569948,2.3,10.1
3.296837366,0.175,0.006,48.85,0.005,0.305,0.3425,800,1.69,775,1.653061225,24.91836735,0.006122449,0.128571428,2.3,9.9
3.296837366,0.175,0.006,48.85,0.005,0.305,0.3425,800,1.69,778,1.748743718,24.54271357,0.006030151,0.120603015,2.3,9.6
3.296837366,0.175,0.006,48.85,0.005,0.305,0.3425,800,1.69,775,2.060606061,24.48484848,0.006060606,0.121212122,2.3,10.1
3.296837366,0.175,0.006,48.85,0.005,0.305,0.3425,800,1.69,772,1.661538462,24.86153846,0.006153846,0.116923077,2.3,9.6
3.270169119,0.175,0.003,48.75,0.005,0.24,0.3425,900,2.29,772,1.970149254,24.11940298,0.005970149,0.107462687,2.3,9.6
3.270169119,0.175,0.003,48.75,0.005,0.24,0.3425,900,2.29,777,2.07106599,25.03553299,0.006091371,0.10964467,2.3,10.1
3.270169119,0.175,0.003,48.75,0.005,0.24,0.3425,900,2.29,773,1.970149254,24.35820895,0.005970149,0.101492538,2.3,10
3.270169119,0.175,0.003,48.75,0.005,0.24,0.3425,900,2.29,770,1.960396039,24,0.005940594,0.148514852,2.3,9.5
3.170085661,0.175,0.003,48.9,0.01,0.24,0.3475,1000,2.43,771,1.929648242,24.48241206,0.006030151,0.138693468,2.3,10.1
3.170085661,0.175,0.003,48.9,0.01,0.24,0.3475,1000,2.43,774,2.129032258,26.4516129,0.006451613,0.161290322,2.3,9.6
3.170085661,0.175,0.003,48.9,0.01,0.24,0.3475,1000,2.43,775,2.021739131,27.13043478,0.006521739,0.15,2.3,9.3
3.170085661,0.175,0.003,48.9,0.01,0.24,0.3475,1000,2.43,775,2.081632653,24.67346938,0.006122449,0.110204082,2.3,10.1
3.146555163,0.175,0.003,48.75,0.005,0.265,0.3475,800,1.97,778,2.164948454,24.92783505,0.006185567,0.142268042,2.3,9.5
3.146555163,0.175,0.003,48.75,0.005,0.265,0.3475,800,1.97,775,2.163934426,27.08196722,0.013114754,0.163934426,2.3,9.4
3.146555163,0.175,0.003,48.75,0.005,0.265,0.3475,800,1.97,776,2.163934426,27.08196722,0.013114754,0.163934426,2.3,9.2
3.146555163,0.175,0.003,48.75,0.005,0.265,0.3475,800,1.97,768,2.0625,26.125,0.0125,0.125,2.3,9.3
3.218875825,0.175,0.003,49.15,0.005,0.245,0.35,1000,2.18,778,2.103092784,25.73195876,0.012371134,0.105154639,2.3,10
3.036554268,0.17,0.003,49,0.005,0.1,0.3475,1000,1.44,786,1.929648242,24.48241206,0.006030151,0.138693468,2.3,9.3
3.036554268,0.17,0.003,49,0.005,0.1,0.3475,1000,1.44,786,2.129032258,26.4516129,0.006451613,0.161290322,2.3,10.1
3.036554268,0.17,0.003,49,0.005,0.1,0.3475,1000,1.44,782,2.021739131,27.13043478,0.006521739,0.15,2.3,9.5
3.036554268,0.17,0.003,49,0.005,0.1,0.3475,1000,1.44,782,2.081632653,24.67346938,0.006122449,0.110204082,2.3,9.4
3.036554268,0.175,0.003,49.15,0.005,0.09,0.3475,900,1.72,784,2.164948454,24.92783505,0.006185567,0.142268042,2.3,9.2
3.036554268,0.175,0.003,49.15,0.005,0.09,0.3475,900,1.72,787,2.163934426,27.08196722,0.013114754,0.163934426,2.3,9.3
3.036554268,0.175,0.003,49.15,0.005,0.09,0.3475,900,1.72,782,2.0625,26.125,0.0125,0.125,2.3,10
3.036554268,0.175,0.003,49.15,0.005,0.09,0.3475,900,1.72,785,2.103092784,25.73195876,0.012371134,0.105154639,2.2,9.4
2.864704011,0.18,0.009,49.1,0.005,0.19,0.3475,800,2.05,782,2.346368715,28.02234637,0.013407822,0.160893855,2.2,8.9
2.864704011,0.18,0.009,49.1,0.005,0.19,0.3475,800,2.05,784,2.106382978,26.68085106,0.012765958,0.146808511,2.3,9.3
2.864704011,0.18,0.009,49.1,0.005,0.19,0.3475,800,2.05,785,2.07106599,25.21827412,0.012182741,0,2.2,9.9
2.864704011,0.18,0.009,49.1,0.005,0.19,0.3475,800,2.05,784,1.989949748,24.60301508,0.012060302,0.126633166,2.2,9.7
2.63108916,0.18,0.009,49.3,0.005,0.225,0.33,900,2.75,790,2.030769231,26.15384615,0.012307692,0.166153846,2.3,9.6
2.63108916,0.18,0.009,49.3,0.005,0.225,0.33,900,2.75,790,2.505494505,28.21978022,0.013186813,0.217582418,2.2,9.5
2.63108916,0.18,0.009,49.3,0.005,0.225,0.33,900,2.75,795,2.053475936,27.0802139,0.012834225,0.198930482,2.2,9.9
2.63108916,0.18,0.009,49.3,0.005,0.225,0.33,900,2.75,797,2.010152285,25.0964467,0.012182741,0.164467005,2.2,9.3
2.748872196,0.18,0.003,49.25,0,0.19,0.33,700,1.53,798,1.873170732,23.64878048,0.017560975,0.228292683,2.1,9.5
2.748872196,0.18,0.003,49.25,0,0.19,0.33,700,1.53,790,1.832512315,24.0591133,0.01773399,0.195073892,2.2,9.8
2.748872196,0.18,0.003,49.25,0,0.19,0.33,700,1.53,793,2.176470588,24.23529412,0.017647058,0.164705882,2.2,9.7
2.748872196,0.18,0.003,49.25,0,0.19,0.33,700,1.53,792,2.138613862,24.53465346,0.017821782,0.160396039,2.2,9.7
2.937463365,0.18,0.003,48.55,0,0.18,0.3375,700,2.88,794,2.181818182,25.03030303,0.018181818,0.157575758,2.3,9.5
2.937463365,0.18,0.003,48.55,0,0.18,0.3375,700,2.88,788,2.079207921,24.53465346,0.017821782,0.154455445,2.1,9.7
2.937463365,0.18,0.003,48.55,0,0.18,0.3375,700,2.88,789,2.16,25.14,0.018,0.138,2.3,9.9
2.937463365,0.18,0.003,48.55,0,0.18,0.3375,700,2.88,796,2.117647058,24.52941176,0.017647058,0.135294118,2.3,9.6
2.673648774,0.18,0.006,49.75,0,0.25,0.34,700,1.84,790,2.110552764,25.20603015,0.018090452,0.211055276,2.2,9.3
2.673648774,0.18,0.006,49.75,0,0.25,0.34,700,1.84,794,2.089552238,24.95522388,0.017910448,0.214925373,2.2,9.3
2.673648774,0.18,0.006,49.75,0,0.25,0.34,700,1.84,795,1.970149254,25.01492538,0.017910448,0.214925373,2.2,9.6
2.673648774,0.18,0.006,49.75,0,0.25,0.34,700,1.84,795,2.051813472,26.61139896,0.01865285,0.223834197,2.2,9.4
2.780620894,0.175,0.009,49.15,0.01,0.215,0.34,600,1.3,795,2.030769231,26.4,0.018461538,0.190769231,2.2,9.1
2.780620894,0.175,0.009,49.15,0.01,0.215,0.34,600,1.3,795,2.1875,26.5625,0.01875,0.25625,2.2,9.2
2.780620894,0.175,0.009,49.15,0.01,0.215,0.34,600,1.3,795,2.502673797,27.52941176,0.019251337,0.301604278,2.2,9.4
2.780620894,0.175,0.009,49.15,0.01,0.215,0.34,600,1.3,795,2.505494505,28.68131868,0.01978022,0.32967033,2.2,10.2
2.617295838,0.18,0.003,48.65,0.005,0.23,0.3375,800,1.65,795,2.081632653,26.26530612,0.024489796,0.189795918,2.2,10.3
2.617295838,0.18,0.003,48.65,0.005,0.23,0.3375,800,1.65,798,2.1,25.62,0.024,0.132,2.3,9.5
2.617295838,0.18,0.003,48.65,0.005,0.23,0.3375,800,1.65,788,2.113989637,27.66839378,0.01865285,0.124352332,2.2,9.9
2.617295838,0.18,0.003,48.65,0.005,0.23,0.3375,800,1.65,788,2.04,26.4,0.018,0.126,2.3,9.7
2.733368009,0.18,0.003,49.3,0.005,0.235,0.33,700,2.29,787,2.060606061,26.3030303,0.024242425,0.163636364,2.3,9.2
2.733368009,0.18,0.003,49.3,0.005,0.235,0.33,700,2.29,786,2.07106599,26.37563452,0.024365482,0.170558375,2.2,9.2
2.733368009,0.18,0.003,49.3,0.005,0.235,0.33,700,2.29,795,2,25.05882353,0.023529412,0.176470588,2.2,9.6
2.733368009,0.18,0.003,49.3,0.005,0.235,0.33,700,2.29,795,1.980582525,24.81553398,0.023300971,0.163106796,2.2,9.6
2.718100537,0.18,0.003,48.8,0.005,0.225,0.33,700,1.7,794,2.041237113,27.58762887,0.024742268,0.142268042,2.2,9.9
2.718100537,0.18,0.003,48.8,0.005,0.225,0.33,700,1.7,793,2.158730158,28.63492064,0.019047619,0.126984127,2.26,9.5
2.718100537,0.18,0.003,48.8,0.005,0.225,0.33,700,1.7,795,2.295081967,29.96721312,0.019672131,0.137704918,2.2,9.5
2.718100537,0.18,0.003,48.8,0.005,0.225,0.33,700,1.7,794,1.98,26.76,0.024,0.144,2.3,9.9
2.733368009,0.18,0.003,49.35,0.005,0.215,0.3475,600,2.62,793,1.913043478,25.10144928,0.023188406,0.156521739,2.2,9.9
2.733368009,0.18,0.003,49.35,0.005,0.215,0.3475,600,2.62,795,1.942857143,24.62857143,0.022857143,0.16,2.2,10.3
2.733368009,0.18,0.003,49.35,0.005,0.215,0.3475,600,2.62,794,1.894736842,25.14832536,0.022966507,0.14354067,2.3,10
2.733368009,0.18,0.003,49.35,0.005,0.215,0.3475,600,2.62,793,2.048780488,25.63902439,0.023414634,0.128780488,2.3,9.9
2.780620894,0.18,0.003,49.1,0.01,0.255,0.35,700,1.69,785,2.110552764,26.53266332,0.018090452,0.120603015,2.3,12.9
2.780620894,0.18,0.003,49.1,0.01,0.255,0.35,700,1.69,780,2.068965517,26.66009852,0.02364532,0.118226601,2.3,9.7
2.780620894,0.18,0.003,49.1,0.01,0.255,0.35,700,1.69,781,2.117647058,26.11764706,0.023529412,0.111764706,2.2,9.5
2.780620894,0.18,0.003,49.1,0.01,0.255,0.35,700,1.69,782,2.198952879,28.14659686,0.018848168,0.12565445,2.3,9.4
2.659260037,0.18,0.003,48.4,0.04,0.28,0.3375,800,1.94,781,2.068965517,25.89162562,0.02364532,0.124137931,2.2,10
2.659260037,0.18,0.003,48.4,0.04,0.28,0.3375,800,1.94,783,1.990521327,24.79620853,0.022748815,0.113744076,2.3,9.9
2.659260037,0.18,0.003,48.4,0.04,0.28,0.3375,800,1.94,782,1.971830986,24.56338028,0.022535212,0.118309859,2.3,10.3
2.659260037,0.18,0.003,48.4,0.04,0.28,0.3375,800,1.94,783,2.333333333,23.05555555,0.022222222,0.116666667,2.3,10.2
3.015934981,0.18,0.003,48.5,0.03,0.26,0.3375,600,2.32,783,2.019230769,23.88461538,0.023076923,0.132692308,2.3,10.2
3.015934981,0.18,0.003,48.5,0.03,0.26,0.3375,600,2.32,781,2.010471204,28.02094241,0.018848168,0.131937173,2.2,9.8
3.015934981,0.18,0.003,48.5,0.03,0.26,0.3375,600,2.32,776,2.089552238,26.20895522,0.017910448,0.113432836,2.3,10.2
3.015934981,0.18,0.003,48.5,0.03,0.26,0.3375,600,2.32,780,2.192893401,26.55837563,0.024365482,0.103553299,2.3,9.7
2.780620894,0.175,0.003,49.4,0,0.285,0.34,900,1.74,768,2.170854272,26.11055276,0.024120603,0.102512563,2.3,9.8
2.780620894,0.175,0.003,49.4,0,0.285,0.34,900,1.74,772,2.1,25.92,0.018,0.102,2.3,10
2.780620894,0.175,0.003,49.4,0,0.285,0.34,900,1.74,765,2.047393365,24,0.022748815,0.096682465,2.3,10
2.780620894,0.175,0.003,49.4,0,0.285,0.34,900,1.74,772,1.962616822,24.44859813,0.022429907,0.100934579,2.3,10.4
2.70306266,0.175,0.012,49,0,0.315,0.34,700,1.74,768,2.904458598,30.57324841,0.007643312,0.091719745,2.3,9.8
2.70306266,0.175,0.012,49,0,0.315,0.34,700,1.74,774,1.816216216,25.62162162,0.012972973,0.097297297,2.3,9.6
2.70306266,0.175,0.012,49,0,0.315,0.34,700,1.74,772,1.859154929,22.92957746,0.011267605,0.095774648,2.3,9.3
2.70306266,0.175,0.012,49,0,0.315,0.34,700,1.74,774,1.935483871,22.89400922,0.016589862,0.094009217,2.3,10
2.673648774,0.175,0.003,49.35,0.01,0.265,0.3475,700,1.74,778,2.202898551,24.4057971,0.017391305,0.098550725,2.4,9.9
2.673648774,0.175,0.003,49.35,0.01,0.265,0.3475,700,1.74,776,2.113989637,26.92227979,0.01865285,0.149222798,2.3,9.2
2.673648774,0.175,0.003,49.35,0.01,0.265,0.3475,700,1.74,780,2.089552238,25.73134328,0.017910448,0.137313433,2.3,9.4
2.673648774,0.175,0.003,49.35,0.01,0.265,0.3475,700,1.74,784,2.181818182,27.45454545,0.018181818,0.121212122,2.3,9.3
2.659260037,0.18,0.006,48.85,0.005,0.415,0.3425,700,1.18,784,2.138613862,26.61386138,0.017821782,0.130693069,2.3,9.2
2.659260037,0.18,0.006,48.85,0.005,0.415,0.3425,700,1.18,778,2.117647058,25.82352942,0.017647058,0.141176471,2.3,9
2.659260037,0.18,0.006,48.85,0.005,0.415,0.3425,700,1.18,775,2.097087378,25.33980582,0.017475728,0.12815534,2.3,9.6
2.659260037,0.18,0.006,48.85,0.005,0.415,0.3425,700,1.18,777,1.971830986,23.94366197,0.016901408,0.107042254,2.3,10.2
2.830217835,0.175,0.006,49.05,0.005,0.38,0.345,700,1.8,775,1.900452488,22.80542986,0.016289593,0.097737557,2.3,9.5
2.830217835,0.175,0.006,49.05,0.005,0.38,0.345,700,1.8,776,1.906542056,23.6635514,0.01682243,0.095327103,2.2,10.1
2.830217835,0.175,0.006,49.05,0.005,0.38,0.345,700,1.8,772,1.802816902,24.16901408,0.011267605,0.095774648,2.3,9.9
2.830217835,0.175,0.006,49.05,0.005,0.38,0.345,700,1.8,770,1.86407767,25.2815534,0.017475728,0.093203884,2.3,9.8
2.733368009,0.175,0.003,49.65,0.01,0.35,0.3425,700,1.23,777,1.903846154,24.98076923,0.011538462,0.103846154,2.2,9.9
2.733368009,0.175,0.003,49.65,0.01,0.35,0.3425,700,1.23,786,1.888888889,23.77777778,0.011111111,0.105555555,2.2,9.4
2.733368009,0.175,0.003,49.65,0.01,0.35,0.3425,700,1.23,780,1.871559633,22.62385321,0.011009175,0.121100918,2.2,9.5
2.733368009,0.175,0.003,49.65,0.01,0.35,0.3425,700,1.23,779,1.915492958,22.70422535,0.011267605,0.101408451,2.3,9.8
2.95651156,0.175,0.003,49.15,0.005,0.435,0.3375,600,1.19,779,1.990521327,22.97630332,0.017061612,0.108056872,2.2,9.8
2.95651156,0.175,0.003,49.15,0.005,0.435,0.3375,600,1.19,775,2.176165803,25.30569948,0.012435233,0.111917098,2.2,9.5
2.95651156,0.175,0.003,49.15,0.005,0.435,0.3375,600,1.19,770,2.210526316,25.45263158,0.012631579,0.107368421,2.3,9.8
2.95651156,0.175,0.003,49.15,0.005,0.435,0.3375,600,1.19,772,2.3125,25.6875,0.01875,0.10625,2.3,9.9
2.95651156,0.175,0.003,48.9,0.005,0.31,0.3375,800,1.75,767,1.990521327,22.91943128,0.017061612,0.096682465,2.3,10.4
2.95651156,0.175,0.003,48.9,0.005,0.31,0.3375,800,1.75,774,1.866666667,21.06666667,0.016,0.069333333,2.3,10.1
2.95651156,0.175,0.003,48.9,0.005,0.31,0.3375,800,1.75,778,2.522727273,25.22727273,0.020454545,0.081818182,2.3,9.7
2.95651156,0.175,0.003,48.9,0.005,0.31,0.3375,800,1.75,773,2.009569378,22.5645933,0.011483254,0.212440192,2.2,9.6
2.688247574,0.175,0.003,48.7,0.005,0.42,0.3375,700,1.63,773,1.917808219,22.19178082,0.016438356,0.136986302,2.3,9
2.688247574,0.175,0.003,48.7,0.005,0.42,0.3375,700,1.63,771,2.181818182,25.33333333,0.012121212,0.109090909,2.3,9.6
2.688247574,0.175,0.003,48.7,0.005,0.42,0.3375,700,1.63,774,2.097087378,23.53398058,0.011650485,0.104854369,2.3,10
2.688247574,0.175,0.003,48.7,0.005,0.42,0.3375,700,1.63,768,2.107317073,23.82439025,0.017560975,0.099512195,2.3,10.1
2.937463365,0.175,0.003,49.45,0,0.47,0.3425,800,1.4,771,2.138613862,24.53465346,0.017821782,0.100990099,2.2,10.3
2.937463365,0.175,0.003,49.45,0,0.47,0.3425,800,1.4,770,2.208955224,24.59701492,0.017910448,0.119402985,2.3,9.3
2.937463365,0.175,0.003,49.45,0,0.47,0.3425,800,1.4,768,2,24.94117647,0.017647058,0.135294118,2.3,9.9
2.937463365,0.175,0.003,49.45,0,0.47,0.3425,800,1.4,771,1.883408072,21.95515695,0.016143498,0.156053812,2.3,10.7
3.057607677,0.17,0.003,49.3,0.005,0.355,0.345,800,1.53,769,1.854545455,22.25454545,0.016363636,0.114545455,2.3,9.9
3.057607677,0.17,0.003,49.3,0.005,0.355,0.345,800,1.53,774,1.981651376,22.4587156,0.016513762,0.110091743,2.3,10.3
3.057607677,0.17,0.003,49.3,0.005,0.355,0.345,800,1.53,774,1.981132075,23.77358491,0.016981132,0.101886792,2.3,9.9
3.057607677,0.17,0.003,49.3,0.005,0.355,0.345,800,1.53,778,1.915492958,22.64788732,0.016901408,0.169014085,2.3,7.8
3.194183212,0.17,0.003,49.3,0.005,0.39,0.3375,800,1.85,772,1.85046729,22.54205608,0.01682243,0.168224299,2.3,9.6
3.194183212,0.17,0.003,49.3,0.005,0.39,0.3375,800,1.85,770,2.050251256,23.87939698,0.012060302,0.144723618,2.2,9.9
3.194183212,0.17,0.003,49.3,0.005,0.39,0.3375,800,1.85,770,2.068965517,23.23152709,0.01182266,0.130049261,2.3,9.6
3.194183212,0.17,0.003,49.3,0.005,0.39,0.3375,800,1.85,774,2.086956522,23.07246377,0.011594203,0.127536232,2.3,9.5
3.194183212,0.17,0.003,49.45,0.005,0.48,0.34,800,1.36,767,2.028985507,23.53623188,0.011594203,0.127536232,2.3,9.7
3.194183212,0.17,0.003,49.45,0.005,0.48,0.34,800,1.36,770,2.057142857,23.77142857,0.017142857,0.114285715,2.3,9.9
3.194183212,0.17,0.003,49.45,0.005,0.48,0.34,800,1.36,766,2.130841122,23.4953271,0.011214953,0.100934579,2.3,10
3.194183212,0.17,0.003,49.45,0.005,0.48,0.34,800,1.36,767,2.091743119,23.2293578,0.011009175,0.099082568,2.3,10.4
3.194183212,0.17,0.003,48.9,0.005,0.395,0.345,800,1.69,769,2.018691588,23.8317757,0.01682243,0.095327103,2.3,10.1
3.194183212,0.17,0.003,48.9,0.005,0.395,0.345,800,1.69,768,2.124401914,24.28708134,0.011483254,0.103349282,2.3,9.7
3.194183212,0.17,0.003,48.9,0.005,0.395,0.345,800,1.69,772,2.213592233,24.69902912,0.011650485,0.104854369,2.3,9.6
3.194183212,0.17,0.003,48.9,0.005,0.395,0.345,800,1.69,772,2.171428572,24.17142857,0.011428572,0.102857143,2.3,9.9
3.194183212,0.17,0.003,48.9,0.005,0.415,0.35,900,1.4,771,2.120930232,23.33023256,0.011162791,0.100465116,2.3,10
3.194183212,0.17,0.003,48.9,0.005,0.415,0.35,900,1.4,771,2.161137441,23.71563981,0.011374408,0.102369668,2.3,9.9
3.194183212,0.17,0.003,48.9,0.005,0.415,0.35,900,1.4,771,2.170854272,24.60301508,0.012060302,0.102512563,2.3,9.4
3.194183212,0.17,0.003,48.9,0.005,0.415,0.35,900,1.4,770,2.170854272,25.08542714,0.006030151,0.102512563,2.3,9.2
3.194183212,0.17,0.003,47.85,0.05,0.03,0.345,800,1.19,767,2.231155779,24.18090452,0.012060302,0.084422111,2.3,9.7
3.649658741,0.17,0.003,48.45,0.02,0.09,0.355,900,0.85,758,2.246305418,24.1773399,0.00591133,0.082758621,2.3,10.2
2.995732274,0.17,0.003,47.8,0.045,0.025,0.35,1100,1.2,776,2.20754717,22.86792453,0.011320755,0.10754717,2.3,10
3.079113882,0.175,0.003,47.25,0.075,0,0.35,1000,1.69,781,2.20754717,22.9245283,0.011320755,0.113207547,2.3,10.3
2.813410717,0.165,0.003,48.75,0.09,0,0.3425,1100,2.04,764,2.388349515,23.82524272,0.011650485,0.110679612,2.3,9.9
3.123565645,0.17,0.003,49.1,0.05,0.06,0.34,600,0.9,765,2.331753555,24.28436019,0.011374408,0.102369668,2.3,10
3.352407217,0.17,0.006,47.95,0.14,0.09,0.34,1100,1.82,760,2.218009478,23.60189573,0.011374408,0.096682465,2.3,9.8
3.352407217,0.17,0.003,47.55,0.07,0.08,0.34,1000,1.41,772,2.231155779,24.18090452,0.012060302,0.084422111,2.29,9.7
3.244193633,0.17,0.006,48.6,0.06,0.135,0.34,700,1.4,770,2.20754717,22.86792453,0.011320755,0.10754717,2.28,10.3
2.900422094,0.17,0.003,48.9,0.04,0,0.3325,900,1.64,767,2.218009478,23.60189573,0.011374408,0.096682465,2.27,10.4
3.218875825,0.17,0.006,48.95,0.06,0.03,0.33,900,2,765,2.055555555,22.38888889,0.011111111,0.1,2.29,10.2
3.270169119,0.175,0.003,48.85,0.02,0.165,0.34,1000,2.1,768,2.026666667,20.8,0.010666667,0.101333333,2.27,10.1
3.270169119,0.175,0.003,48.85,0.02,0.165,0.34,1000,2.1,769,1.93220339,20.89830508,0.010169492,0.091525424,2.29,10.1
3.270169119,0.175,0.003,48.85,0.02,0.165,0.34,1000,2.1,763,2.480446928,31.30726257,0.013407822,0.100558659,2.15,8.9
3.270169119,0.175,0.003,48.85,0.02,0.165,0.34,1000,2.1,765,2.224390244,26.10731708,0.011707317,0.111219512,2.24,8.7
2.847312268,0.175,0.006,49.2,0.025,0.16,0.3425,1000,2.18,766,2.104265403,24.96682465,0.017061612,0.147867298,2.16,8.2
2.847312268,0.175,0.006,49.2,0.025,0.16,0.3425,1000,2.18,766,1.937219731,24,0.010762332,0.156053812,2.17,8.9
2.847312268,0.175,0.006,49.2,0.025,0.16,0.3425,1000,2.18,774,2.28,27.3,0.012,0.144,2.24,10
2.847312268,0.175,0.006,49.2,0.025,0.16,0.3425,1000,2.18,771,2.202898551,26.14492754,0.011594203,0.139130435,2.18,10.1
2.525728644,0.175,0.009,48.9,0.05,0.16,0.3375,900,2.83,773,2.231155779,27.13567839,0.012060302,0.180904522,2.16,8.9
2.525728644,0.175,0.009,48.9,0.05,0.16,0.3375,900,2.83,770,2.268656716,26.86567164,0.011940298,0.185074627,2.16,9.2
2.525728644,0.175,0.009,48.9,0.05,0.16,0.3375,900,2.83,771,1.953488372,25.33953488,0.011162791,0.150697675,2.17,8.9
2.525728644,0.175,0.009,48.9,0.05,0.16,0.3375,900,2.83,779,2.028169014,25.57746479,0.011267605,0.146478873,2.2,9.4
2.688247574,0.18,0.003,48.8,0.08,0.145,0.335,1100,2.28,779,1.971830986,25.74647888,0.011267605,0.129577465,2.22,9.3
2.688247574,0.18,0.003,48.8,0.08,0.145,0.335,1100,2.28,772,2.028169014,25.29577465,0.011267605,0.140845071,2.23,9.5
2.688247574,0.18,0.003,48.8,0.08,0.145,0.335,1100,2.28,778,2.055555555,24.72222222,0.011111111,0.15,2.17,9.4
2.688247574,0.18,0.003,48.8,0.08,0.145,0.335,1100,2.28,776,2.036697248,24.66055046,0.011009175,0.143119266,2.21,9.2
2.830217835,0.175,0.003,48.65,0.08,0.155,0.335,800,2.44,785,2.044843049,24.10762332,0.016143498,0.139910314,2.18,9.1
2.830217835,0.175,0.003,48.65,0.08,0.155,0.335,800,2.44,780,1.928571428,24.05357143,0.010714285,0.128571428,2.21,9
2.830217835,0.175,0.003,48.65,0.08,0.155,0.335,800,2.44,782,2.054054054,23.83783784,0.010810811,0.118918919,2.19,9.5
2.830217835,0.175,0.003,48.65,0.08,0.155,0.335,800,2.44,784,1.96460177,23.36283186,0.015929204,0.111504425,2.21,10.5
2.645075402,0.175,0.003,49,0.04,0.17,0.3375,1000,2.31,782,2.055555555,24.38888889,0.016666667,0.144444445,2.2,9.4
2.645075402,0.175,0.003,49,0.04,0.17,0.3375,1000,2.31,782,2.124401914,25.32057416,0.01722488,0.14354067,2.18,9.8
2.645075402,0.175,0.003,49,0.04,0.17,0.3375,1000,2.31,782,2.037735849,25.58490566,0.016981132,0.130188679,2.19,8.9
2.645075402,0.175,0.003,49,0.04,0.17,0.3375,1000,2.31,775,2.097087378,25.80582525,0.017475728,0.110679612,2.18,9
2.673648774,0.18,0.003,49,0.085,0.22,0.335,800,2.3,788,2.076923077,24.98076923,0.017307692,0.109615385,2.22,9.5
2.673648774,0.18,0.003,49,0.085,0.22,0.335,800,2.3,783,1.963636364,23.78181818,0.016363636,0.103636364,2.24,9.7
2.673648774,0.18,0.003,49,0.085,0.22,0.335,800,2.3,778,2.058823529,25.47058824,0.017647058,0.105882353,2.22,9.8
2.673648774,0.18,0.003,49,0.085,0.22,0.335,800,2.3,780,2.28,26.22,0.018,0.102,2.21,9.7
2.748872196,0.175,0.003,49.3,0.075,0.235,0.3375,800,2.48,781,2.104265403,24.51184834,0.017061612,0.102369668,2.23,9.6
2.748872196,0.175,0.003,49.3,0.075,0.235,0.3375,800,2.48,780,2.273684211,28.86315789,0.018947368,0.113684211,2.22,9.5
2.748872196,0.175,0.003,49.3,0.075,0.235,0.3375,800,2.48,777,1.756097561,26.28292683,0.017560975,0.111219512,2.19,9.5
2.748872196,0.175,0.003,49.3,0.075,0.235,0.3375,800,2.48,774,1.58974359,21.43589744,0.015384615,0.102564102,2.21,9.5
2.748872196,0.18,0,48.55,0.115,0.195,0.335,800,2.27,776,1.555555555,23.5,0.016666667,0.105555555,2.24,9.7
2.748872196,0.18,0,48.55,0.115,0.195,0.335,800,2.27,776,1.730769231,24.51923077,0.023076923,0.109615385,2.25,9.8
2.748872196,0.18,0,48.55,0.115,0.195,0.335,800,2.27,772,1.782178218,25.54455445,0.023762376,0.106930693,2.3,9.5
2.748872196,0.18,0,48.55,0.115,0.195,0.335,800,2.27,771,1.846153846,26.64615385,0.024615385,0.104615385,2.26,9.6
2.830217835,0.175,0,48.4,0.08,0.2,0.335,900,2.37,774,1.846153846,26.52307692,0.024615385,0.172307692,2.24,9
2.830217835,0.175,0,48.4,0.08,0.2,0.335,900,2.37,773,1.803108808,27.17098445,0.024870466,0.161658031,2.13,8.3
2.830217835,0.175,0,48.4,0.08,0.2,0.335,900,2.37,770,1.782178218,25.9009901,0.023762376,0.142574258,2.18,9.8
2.830217835,0.175,0,48.4,0.08,0.2,0.335,900,2.37,772,1.797101449,25.21739131,0.023188406,0.139130435,2.2,9.7
2.70306266,0.175,0.003,48.5,0.09,0.185,0.34,800,2.79,770,1.623188406,25.39130435,0.023188406,0.150724638,2.24,9.1
2.70306266,0.175,0.003,48.5,0.09,0.185,0.34,800,2.79,767,1.615384615,25.44230769,0.023076923,0.138461538,2.18,11.8
2.70306266,0.175,0.003,48.5,0.09,0.185,0.34,800,2.79,771,1.528301887,24.96226415,0.022641509,0.118867925,2.2,9.7
2.70306266,0.175,0.003,48.5,0.09,0.185,0.34,800,2.79,778,1.529411765,26.23529412,0.023529412,0.111764706,2.17,8.9
2.563949857,0.18,0.003,48.45,0.14,0.195,0.3375,900,2.43,782,1.671641791,26.50746268,0.023880597,0.131343284,2.22,10
2.563949857,0.18,0.003,48.45,0.14,0.195,0.3375,900,2.43,787,1.697560975,25.93170732,0.017560975,0.128780488,2.29,9.7
2.563949857,0.18,0.003,48.45,0.14,0.195,0.3375,900,2.43,782,1.611940298,26.74626865,0.017910448,0.131343284,2.33,9.5
2.563949857,0.18,0.003,48.45,0.14,0.195,0.3375,900,2.43,784,1.706422018,26.14678899,0.016513762,0.15412844,2.24,10
2.488914671,0.18,0,49.2,0.03,0.175,0.335,800,2.86,786,1.479452055,24.05479452,0.021917808,0.115068493,2.23,9.3
2.488914671,0.18,0,49.2,0.03,0.175,0.335,800,2.86,782,1.544554455,26.01980198,0.023762376,0.106930693,2.18,9.4
2.488914671,0.18,0,49.2,0.03,0.175,0.335,800,2.86,778,1.596059113,25.89162562,0.02364532,0.112315271,2.24,9.9
2.488914671,0.18,0,49.2,0.03,0.175,0.335,800,2.86,779,1.68115942,25.73913044,0.023188406,0.110144928,2.28,10.2
2.538307427,0.18,0.003,49.7,0.005,0.235,0.3325,900,2.54,773,1.418181818,24,0.021818182,0.109090909,2.22,10.4
2.538307427,0.18,0.003,49.7,0.005,0.235,0.3325,900,2.54,774,1.459459459,23.72972973,0.021621622,0.108108108,2.21,10
2.538307427,0.18,0.003,49.7,0.005,0.235,0.3325,900,2.54,775,1.433628318,23.15044248,0.021238938,0.116814159,2.23,9.8
2.538307427,0.18,0.003,49.7,0.005,0.235,0.3325,900,2.54,772,1.411764706,23.83710407,0.021719457,0.146606335,2.2,9.6
2.563949857,0.18,0.003,49.35,0.005,0.24,0.34,800,2.12,778,1.401869159,24.61682243,0.022429907,0.134579439,2.21,9.3
2.563949857,0.18,0.003,49.35,0.005,0.24,0.34,800,2.12,777,1.6,25.2,0.022857143,0.148571428,2.21,10
2.563949857,0.18,0.003,49.35,0.005,0.24,0.34,800,2.12,775,1.565217392,25.56521739,0.017391305,0.179710145,2.18,9.6
2.563949857,0.18,0.003,49.35,0.005,0.24,0.34,800,2.12,771,1.421800948,25.08056872,0.017061612,0.159241706,2.12,8.8
2.63108916,0.18,0.003,49.95,0.005,0.23,0.34,900,1.53,773,1.570093458,24.61682243,0.01682243,0.157009346,2.17,10.3
2.63108916,0.18,0.003,49.95,0.005,0.23,0.34,900,1.53,770,1.557692308,25.38461538,0.017307692,0.132692308,2.18,10
2.63108916,0.18,0.003,49.95,0.005,0.23,0.34,900,1.53,774,1.565217392,24.92753623,0.017391305,0.127536232,2.18,9.9
2.63108916,0.18,0.003,49.95,0.005,0.23,0.34,900,1.53,772,1.74,26.16,0.018,0.108,2.19,9.9
2.813410717,0.18,0.003,49.85,0.01,0.2,0.345,800,2.16,776,1.731343284,25.01492538,0.017910448,0.107462687,2.24,9.9
2.813410717,0.18,0.003,49.85,0.01,0.2,0.345,800,2.16,775,1.5,26.4,0.018,0.102,2.21,10.1
2.813410717,0.18,0.003,49.85,0.01,0.2,0.345,800,2.16,775,1.831578948,26.4,0.012631579,0.195789474,2.23,9.3
2.813410717,0.18,0.003,49.85,0.01,0.2,0.345,800,2.16,776,1.939393939,25.15151515,0.018181818,0.2,2.14,10.9
2.748872196,0.18,0.003,49.85,0.005,0.115,0.3475,800,2.42,777,1.722222222,23.16666667,0.016666667,0.133333333,2.18,10.1
2.748872196,0.18,0.003,49.85,0.005,0.115,0.3475,800,2.42,771,1.690909091,22.8,0.016363636,0.130909091,2.17,10.1
2.748872196,0.18,0.003,49.85,0.005,0.115,0.3475,800,2.42,768,1.746478873,23.71830986,0.016901408,0.225352112,2.21,10
2.748872196,0.18,0.003,49.85,0.005,0.115,0.3475,800,2.42,771,1.797101449,24.86956522,0.023188406,0.237681159,2.09,9.3
2.975929646,0.18,0.003,49.6,0.015,0.135,0.3425,900,1.75,770,1.92,26.04,0.024,0.234,2.1,9.8
2.975929646,0.18,0.003,49.6,0.015,0.135,0.3425,900,1.75,778,1.979381443,27.64948454,0.018556701,0.216494845,2.12,9.5
2.975929646,0.18,0.003,49.6,0.015,0.135,0.3425,900,1.75,775,1.865284974,27.85492228,0.01865285,0.186528498,2.13,10.1
2.975929646,0.18,0.003,49.6,0.015,0.135,0.3425,900,1.75,776,1.910447762,26.44776119,0.017910448,0.155223881,2.17,9
2.830217835,0.175,0.003,48.55,0.1,0.27,0.3375,700,2.34,777,1.739130435,25.33333333,0.017391305,0.139130435,2.19,8.8
2.830217835,0.175,0.003,48.55,0.1,0.27,0.3375,700,2.34,785,1.942857143,24.8,0.022857143,0.142857143,2.22,9.3
2.830217835,0.175,0.003,48.55,0.1,0.27,0.3375,700,2.34,785,1.706422018,23.50458715,0.016513762,0.137614679,2.17,8.7
2.830217835,0.175,0.003,48.55,0.1,0.27,0.3375,700,2.34,788,1.643835616,23.12328767,0.016438356,0.131506849,2.23,9.1
2.718100537,0.18,0.003,48.65,0.075,0.235,0.3375,800,2.5,789,1.722222222,23.22222222,0.016666667,0.127777778,2.24,9.3
2.718100537,0.18,0.003,48.65,0.075,0.235,0.3375,800,2.5,785,1.636363636,22.69090909,0.021818182,0.125454545,2.25,8.9
2.718100537,0.18,0.003,48.65,0.075,0.235,0.3375,800,2.5,781,1.683257918,22.47963801,0.021719457,0.124886878,2.2,9.7
2.718100537,0.18,0.003,48.65,0.075,0.235,0.3375,800,2.5,776,1.68115942,24.11594203,0.017391305,0.121739131,2.24,9.9
2.847312268,0.175,0.003,48.3,0.15,0.155,0.34,900,1.81,773,1.404878048,24.99512195,0.017560975,0.117073171,2.27,9.8
2.847312268,0.175,0.003,48.3,0.15,0.155,0.34,900,1.81,775,2.457142857,24.34285715,0.017142857,0.114285715,2.23,10
2.847312268,0.175,0.003,48.3,0.15,0.155,0.34,900,1.81,772,2.543778802,23.44700461,0.016589862,0.110599078,2.2,9.5
2.847312268,0.175,0.003,48.3,0.15,0.155,0.34,900,1.81,769,2.620087336,22.53275109,0.015720524,0.110043668,2.21,9.6
2.764620553,0.18,0.003,49.15,0.115,0.09,0.3325,800,2.02,768,2.506666667,23.25333333,0.016,0.112,2.24,9.8
2.764620553,0.18,0.003,49.15,0.115,0.09,0.3325,800,2.02,770,2.529147982,23.13901345,0.016143498,0.113004485,2.22,10.7
2.764620553,0.18,0.003,49.15,0.115,0.09,0.3325,800,2.02,764,2.084745763,19.72881356,0.010169492,0.106779661,2.2,9.5
2.764620553,0.18,0.003,49.15,0.115,0.09,0.3325,800,2.02,767,2.200873362,20.22707424,0.010480349,0.146724891,2.24,10.2
3.057607677,0.175,0.003,48.85,0.045,0.235,0.3275,900,2.03,767,2.443438914,21.77375565,0.010859728,0.146606335,2.23,10.5
3.057607677,0.175,0.003,48.85,0.045,0.235,0.3275,900,2.03,772,2.88,25.5,0.012,0.126,2.15,9.8
3.057607677,0.175,0.003,48.85,0.045,0.235,0.3275,900,2.03,766,3,29.4,0.013333333,0.12,2.17,9.6
3.057607677,0.175,0.003,48.85,0.045,0.235,0.3275,900,2.03,764,3.096774194,28.38709678,0.012903226,0.109677419,2.2,9.3
3.101092789,0.165,0.003,48.8,0.08,0.225,0.3325,900,2.78,767,2.745173745,24.72972973,0.011583012,0.11003861,2.21,9
3.101092789,0.165,0.003,48.8,0.08,0.225,0.3325,900,2.78,772,2.715370019,24.09108159,0.011385199,0.108159393,2.2,9.3
3.101092789,0.165,0.003,48.8,0.08,0.225,0.3325,900,2.78,775,2.734104046,24.67630058,0.011560694,0.104046243,2.25,9.6
3.101092789,0.165,0.003,48.8,0.08,0.225,0.3325,900,2.78,769,2.684667309,25.02989392,0.011571842,0.109932498,2.19,9.2
3.101092789,0.175,0.003,48.85,0.095,0.195,0.335,800,2.47,770,2.709483192,26.33015555,0.012042148,0.120421475,2.17,8.8
3.101092789,0.175,0.003,48.85,0.095,0.195,0.335,800,2.47,763,2.699850672,26.11448482,0.011946242,0.113489298,2.15,9.1
3.101092789,0.175,0.003,48.85,0.095,0.195,0.335,800,2.47,766,2.744368266,25.56317336,0.011753183,0.11165524,2.24,9.7
3.101092789,0.175,0.003,48.85,0.095,0.195,0.335,800,2.47,762,2.802214394,26.32511324,0.01207851,0.120785103,2.24,9.7
2.937463365,0.175,0.003,48.6,0.11,0.175,0.3325,900,2.1,767,2.683908046,24.98850575,0.011494253,0.114942528,2.24,9.4
2.937463365,0.175,0.003,48.6,0.11,0.175,0.3325,900,2.1,768,2.599052133,23.68151658,0.011374408,0.108056872,2.31,9.6
2.937463365,0.175,0.003,48.6,0.11,0.175,0.3325,900,2.1,767,2.651901782,23.76311988,0.011555128,0.103996148,2.2,9.5
2.937463365,0.175,0.003,48.6,0.11,0.175,0.3325,900,2.1,770,2.743354278,23.86080232,0.011599807,0.10439826,2.2,9.2
3.218875825,0.175,0.003,48.15,0.065,0.11,0.33,800,1.95,768,2.640795078,23.27875059,0.011358258,0.102224325,2.2,9.9
3.218875825,0.175,0.003,48.15,0.065,0.11,0.33,800,1.95,763,2.643196955,23.30922931,0.011417698,0.097050428,2.21,9.2
3.218875825,0.175,0.003,48.15,0.065,0.11,0.33,800,1.95,764,2.671785028,23.80422265,0.011516315,0.097888675,2.19,9
3.218875825,0.175,0.003,48.15,0.065,0.11,0.33,800,1.95,767,2.685714285,23.37714285,0.011428572,0.097142857,2.2,9
3.218875825,0.17,0.003,48.7,0.03,0.125,0.3325,800,1.78,766,2.772434308,24.19038175,0.01189886,0.101140308,2.2,9.1
3.218875825,0.17,0.003,48.7,0.03,0.125,0.3325,800,1.78,765,2.796812749,24.73505976,0.011952192,0.113545817,2.22,9.7
3.218875825,0.17,0.003,48.7,0.03,0.125,0.3325,800,1.78,763,2.700147711,24.41358936,0.011816839,0.106351551,2.19,9.4
3.218875825,0.17,0.003,48.7,0.03,0.125,0.3325,800,1.78,768,2.645533142,23.66570605,0.011527378,0.103746398,2.2,9.6
3.015934981,0.175,0.003,48.35,0.01,0.385,0.335,700,1.5,767,2.682832202,24.10475267,0.011639185,0.104752668,2.15,9.5
3.015934981,0.175,0.003,48.35,0.01,0.385,0.335,700,1.5,768,2.73040153,24.02294455,0.011472275,0.103250478,2.2,9.6
3.015934981,0.175,0.003,48.35,0.01,0.385,0.335,700,1.5,766,2.719155065,23.94815171,0.011521844,0.103696592,2.18,9.3
3.015934981,0.175,0.003,48.35,0.01,0.385,0.335,700,1.5,766,2.988326848,24.79377432,0.011673152,0.09922179,2.21,10
3.057607677,0.175,0.003,48.3,0.07,0.22,0.345,800,2.14,766,2.629986245,22.80055021,0.011004127,0.099037139,2.22,9.8
3.057607677,0.175,0.003,48.3,0.07,0.22,0.345,800,2.14,770,2.652514998,22.64328565,0.011075219,0.099676973,2.18,9.8
3.057607677,0.175,0.003,48.3,0.07,0.22,0.345,800,2.14,767,2.663498099,23.23574145,0.005703422,0.102661597,2.18,9.9
3.057607677,0.175,0.003,48.3,0.07,0.22,0.345,800,2.14,771,2.842436975,26.74789916,0.006302521,0.100840336,2.21,9.8
3.123565645,0.17,0.003,48.4,0.06,0.245,0.335,800,2.6,767,2.833749376,25.32401398,0.005991014,0.101847229,2.24,9
3.123565645,0.17,0.003,48.4,0.06,0.245,0.335,800,2.6,763,2.51303155,22.4526749,0.010973937,0.098765432,2.22,9
3.123565645,0.17,0.003,48.4,0.06,0.245,0.335,800,2.6,762,2.778153698,23.80860319,0.011599807,0.098598357,2.24,9.4
3.123565645,0.17,0.003,48.4,0.06,0.245,0.335,800,2.6,762,2.887403599,26.70231362,0.012339332,0.111053985,2.23,9.8
3.170085661,0.17,0.003,48.15,0.13,0.185,0.3475,1000,2.22,759,2.700871248,25.74830591,0.011616651,0.104549855,2.21,8.8
3.170085661,0.17,0.003,48.15,0.13,0.185,0.3475,1000,2.22,762,2.637424172,23.34484368,0.011199253,0.095193654,2.21,9.2
3.170085661,0.17,0.003,48.15,0.13,0.185,0.3475,1000,2.22,761,2.480507706,21.79147778,0.01087942,0.097914778,2.24,10
3.170085661,0.17,0.003,48.15,0.13,0.185,0.3475,1000,2.22,761,2.60989011,21.78021978,0.010989011,0.098901099,2.25,9.6
3.411247718,0.17,0.003,48,0.15,0.09,0.3475,900,2.79,762,2.736248237,22.87165022,0.005641749,0.095909732,2.2,10.2
3.411247718,0.17,0.003,48,0.15,0.09,0.3475,900,2.79,759,2.811495372,23.99415489,0.011690209,0.116902095,2.18,9.7
3.411247718,0.17,0.003,48,0.15,0.09,0.3475,900,2.79,762,2.843185149,24.17000488,0.005862238,0.099658036,2.19,9.5
3.411247718,0.17,0.003,48,0.15,0.09,0.3475,900,2.79,760,2.631209232,24.734571,0.012042148,0.090316106,2.24,9.4
3.296837366,0.17,0.003,47.35,0.09,0.14,0.3425,800,2.39,759,2.622920518,22.33641405,0.011090573,0.094269871,2.28,9.6
3.296837366,0.17,0.003,47.35,0.09,0.14,0.3425,800,2.39,757,2.567493113,22.36914601,0.011019284,0.099173554,2.22,10.2
3.296837366,0.17,0.003,47.35,0.09,0.14,0.3425,800,2.39,761,2.915151515,25.03636364,0.012121212,0.103030303,2.19,10.1
3.296837366,0.17,0.003,47.35,0.09,0.14,0.3425,800,2.39,761,2.986870897,27.11159738,0.013129103,0.098468272,2.2,9.3
3.324236341,0.17,0.006,48.25,0.145,0.275,0.3375,800,2.06,758,2.922310757,24.62151395,0.011952192,0.083665338,2.22,9.6
3.324236341,0.17,0.006,48.25,0.145,0.275,0.3375,800,2.06,753,2.644736842,22.89473684,0.016917293,0.078947368,2.27,9.4
3.324236341,0.17,0.006,48.25,0.145,0.275,0.3375,800,2.06,756,2.540915395,22.38557559,0.016643551,0.221914008,2.21,10.1
3.324236341,0.17,0.006,48.25,0.145,0.275,0.3375,800,2.06,763,3.124866595,27.95090715,0.01280683,0.185699039,2.14,10.1
3.101092789,0.175,0.003,47.95,0.12,0.23,0.33,800,1.72,761,2.410643015,21.63192905,0.010643015,0.117073171,2.17,9.1
3.101092789,0.175,0.003,47.95,0.12,0.23,0.33,800,1.72,762,2.531293463,22.55354659,0.011126565,0.111265647,2.18,9.4
3.101092789,0.175,0.003,47.95,0.12,0.23,0.33,800,1.72,759,2.531293463,22.55354659,0.011126565,0.111265647,2.18,9.4
3.101092789,0.175,0.003,47.95,0.12,0.23,0.33,800,1.72,768,2.683088584,22.88015158,0.011369019,0.102321175,2.25,9.4
3.506557897,0.175,0.003,48.45,0.03,0.175,0.335,800,1.26,772,2.434782608,23.48948107,0.011220196,0.084151472,2.23,9.1
3.506557897,0.175,0.003,48.45,0.03,0.175,0.335,800,1.26,771,2.619759036,23.74554217,0.011566265,0.092530121,2.17,9.4
3.506557897,0.175,0.003,48.45,0.03,0.175,0.335,800,1.26,767,2.733365712,23.68528412,0.017484215,0.099077222,2.19,9
3.506557897,0.175,0.003,48.45,0.03,0.175,0.335,800,1.26,764,2.654614653,23.0980019,0.011417698,0.102759277,2.22,9.2
3.324236341,0.175,0.006,47.8,0.115,0.25,0.34,800,1.67,765,2.803351405,24.20108428,0.011828487,0.106456382,2.21,9.4
3.324236341,0.175,0.006,47.8,0.115,0.25,0.34,800,1.67,765,2.708193579,23.49976042,0.011499761,0.132247245,2.25,9.4
3.324236341,0.175,0.006,47.8,0.115,0.25,0.34,800,1.67,766,2.545784225,22.00906618,0.01631913,0.125113327,2.17,9.1
3.324236341,0.175,0.006,47.8,0.115,0.25,0.34,800,1.67,765,2.543417367,22.81792717,0.011204482,0.117647058,2.18,9.6
3.270169119,0.175,0.003,48.35,0.085,0.22,0.34,800,1.32,765,2.478494624,21.41397849,0.016129032,0.123655914,2.23,9.4
3.270169119,0.175,0.003,48.35,0.085,0.22,0.34,800,1.32,764,2.588235294,23.53501401,0.011204482,0.145658263,2.21,9.5
3.270169119,0.175,0.003,48.35,0.085,0.22,0.34,800,1.32,766,2.753911807,23.31721195,0.011379801,0.125177809,2.17,8.9
3.270169119,0.175,0.003,48.35,0.085,0.22,0.34,800,1.32,768,2.791094268,23.19279962,0.00568451,0.108005685,2.2,9.4
3.123565645,0.17,0.003,48.1,0.15,0.225,0.3375,800,1.53,767,2.636528029,21.82459313,0.010849909,0.12477396,2.18,9
3.123565645,0.17,0.003,48.1,0.15,0.225,0.3375,800,1.53,776,2.733893558,22.68347339,0.011204482,0.134453782,2.22,9.4
3.123565645,0.17,0.003,48.1,0.15,0.225,0.3375,800,1.53,774,2.747398297,23.15988647,0.011352885,0.113528855,2.2,9.2
3.123565645,0.17,0.003,48.1,0.15,0.225,0.3375,800,1.53,771,2.709861839,23.35397808,0.005717008,0.102906146,2.19,9.1
2.95651156,0.175,0.003,48.1,0.025,0.475,0.34,700,1.93,770,2.892430279,24.42430279,0.005976095,0.101593625,2.22,9
2.95651156,0.175,0.003,48.1,0.025,0.475,0.34,700,1.93,767,3.175097276,27.96887159,0.006670372,0.100055586,2.23,9.4
2.95651156,0.175,0.003,48.1,0.025,0.475,0.34,700,1.93,770,2.762506071,23.79018942,0.005828072,0.099077222,2.22,9
2.95651156,0.175,0.003,48.1,0.025,0.475,0.34,700,1.93,774,3.006072875,25.15384615,0.012145749,0.109311741,2.22,9.4
3.079113882,0.175,0.006,49,0.04,0.23,0.34,800,1.51,772,2.842105263,23.55789474,0.011483254,0.132057416,2.19,9.2
3.079113882,0.175,0.006,49,0.04,0.23,0.34,800,1.51,770,2.739008419,22.94480823,0.011225445,0.123479888,2.18,9.3
3.079113882,0.175,0.006,49,0.04,0.23,0.34,800,1.51,775,2.666666667,22.7107438,0.005509642,0.104683195,2.14,8.8
3.079113882,0.175,0.006,49,0.04,0.23,0.34,800,1.51,772,2.313901345,21.20717488,0.005381166,0.107623318,2.19,10
3.473768074,0.17,0.003,47.5,0.075,0.21,0.34,900,1.69,770,2.168344008,20.87648673,0.005489478,0.10978957,2.17,9.8
3.473768074,0.17,0.003,47.5,0.075,0.21,0.34,900,1.69,770,2.270425227,22.03917822,0.005733397,0.114667941,2.16,9.7
3.473768074,0.17,0.003,47.5,0.075,0.21,0.34,900,1.69,769,2.242878561,23.64017991,0.005997002,0.113943028,2.19,10
3.473768074,0.17,0.003,47.5,0.075,0.21,0.34,900,1.69,769,2.302496329,23.4185022,0.005873715,0.135095448,2.14,9.4
3.649658741,0.17,0.003,47.1,0.16,0.155,0.34,900,1.98,770,2.368188512,23.58762887,0.005891016,0.147275405,2.13,9.3
3.649658741,0.17,0.003,47.1,0.16,0.155,0.34,900,1.98,771,2.356935015,23.49951503,0.005819592,0.139670223,2.16,9.2
3.649658741,0.17,0.003,47.1,0.16,0.155,0.34,900,1.98,770,2.570188133,23.59479016,0.005788712,0.133140376,2.17,9.6
3.649658741,0.17,0.003,47.1,0.16,0.155,0.34,900,1.98,776,2.591662482,24.92817679,0.006027122,0.126569563,2.17,9
3.270169119,0.175,0.003,48.75,0.09,0.095,0.3425,800,1.67,776,2.555555555,24.25730994,0.005847953,0.122807018,2.18,9.5
3.270169119,0.175,0.003,48.75,0.09,0.095,0.3425,800,1.67,778,2.646300716,23.75369928,0.005727924,0.120286396,2.18,9.4
3.270169119,0.175,0.003,48.75,0.09,0.095,0.3425,800,1.67,775,2.554541086,24.07496396,0.005766458,0.115329168,2.15,9.3
3.270169119,0.175,0.003,48.75,0.09,0.095,0.3425,800,1.67,775,2.586967173,24.61734444,0.005879471,0.111709946,2.31,9.7
3.296837366,0.17,0.006,48.2,0.04,0.085,0.34,1000,1.84,778,2.547224927,24.4556962,0.005842259,0.111002921,2.25,8.8
3.296837366,0.17,0.006,48.2,0.04,0.085,0.34,1000,1.84,777,2.503802282,23.92015209,0.005703422,0.108365019,2.17,9.4
3.296837366,0.17,0.006,48.2,0.04,0.085,0.34,1000,1.84,773,2.613514828,24.54253768,0.005833738,0.110841031,2.19,9.3
3.296837366,0.17,0.006,48.2,0.04,0.085,0.34,1000,1.84,779,2.536443148,24.71720117,0.005830904,0.110787172,2.17,9.6
2.995732274,0.175,0.003,48.6,0.03,0.33,0.335,900,1.52,776,2.708609272,27.99337748,0.013245033,0.132450331,2.26,9.5
2.995732274,0.175,0.003,48.6,0.03,0.33,0.335,900,1.52,775,2.494766888,24.21693625,0.011417698,0.114176975,2.14,9.2
2.995732274,0.175,0.003,48.6,0.03,0.33,0.335,900,1.52,768,2.498550725,24.74202898,0.011594203,0.110144928,2.17,8.7
2.995732274,0.175,0.003,48.6,0.03,0.33,0.335,900,1.52,762,2.516875603,24.79267117,0.011571842,0.109932498,2.15,9
3.270169119,0.18,0.006,48.25,0.025,0.15,0.335,700,1.57,773,2.434532374,24.43165468,0.011510792,0.109352518,2.16,9.3
3.270169119,0.18,0.006,48.25,0.025,0.15,0.335,700,1.57,774,2.522895125,25.13441655,0.011816839,0.11816839,2.2,8.8
3.270169119,0.18,0.006,48.25,0.025,0.15,0.335,700,1.57,772,2.517323208,24.14807784,0.005695302,0.113906028,2.18,9
3.270169119,0.18,0.006,48.25,0.025,0.15,0.335,700,1.57,772,2.499528746,24,0.011310085,0.118755891,2.16,9.1
3.244193633,0.175,0.003,48.7,0.02,0.095,0.3375,900,1.62,773,2.471742177,23.75338627,0.011209715,0.117702008,2.15,9.2
3.244193633,0.175,0.003,48.7,0.02,0.095,0.3375,900,1.62,773,2.450781968,23.33210672,0.011039558,0.115915363,2.17,9.7
3.244193633,0.175,0.003,48.7,0.02,0.095,0.3375,900,1.62,775,2.336931018,24.12951666,0.011262318,0.118254341,2.13,9.3
3.244193633,0.175,0.003,48.7,0.02,0.095,0.3375,900,1.62,776,2.402293358,24.59627329,0.011466794,0.114667941,2.16,9.2
2.830217835,0.175,0.003,48.45,0.075,0.24,0.3375,800,1.52,776,2.459302325,25.18604652,0.011627907,0.110465116,2.13,9
2.830217835,0.175,0.003,48.45,0.075,0.24,0.3375,800,1.52,778,2.561264822,25.66007905,0.011857708,0.112648222,2.18,9.2
2.830217835,0.175,0.003,48.45,0.075,0.24,0.3375,800,1.52,775,2.605577689,25.99003984,0.011952192,0.113545817,2.17,9.1
2.830217835,0.175,0.003,48.45,0.075,0.24,0.3375,800,1.52,773,2.593796159,25.91432792,0.011816839,0.106351551,2.17,8.9
3.170085661,0.175,0.006,48.05,0.155,0.245,0.3375,800,1.76,772,2.71743487,26.41082165,0.012024048,0.108216433,2.16,9.4
3.170085661,0.175,0.006,48.05,0.155,0.245,0.3375,800,1.76,772,2.671992012,26.30654019,0.011982027,0.107838242,2.15,9.1
3.170085661,0.175,0.006,48.05,0.155,0.245,0.3375,800,1.76,773,2.566371682,25.92920354,0.01179941,0.10619469,2.22,9
3.170085661,0.175,0.006,48.05,0.155,0.245,0.3375,800,1.76,770,2.459485224,24.86939943,0.011439466,0.102955195,2.1,9.1
2.95651156,0.18,0.006,48.7,0.11,0.22,0.34,1000,1.44,769,2.463576159,24.76631977,0.011352885,0.10217597,2.15,8.9
2.95651156,0.18,0.006,48.7,0.11,0.22,0.34,1000,1.44,774,2.359645025,24.59971975,0.011209715,0.117702008,2.19,9.4
2.95651156,0.18,0.006,48.7,0.11,0.22,0.34,1000,1.44,775,2.436222006,25.58325219,0.011684518,0.128529698,2.18,9.6
2.95651156,0.18,0.006,48.7,0.11,0.22,0.34,1000,1.44,777,2.495219885,24.90057362,0.011472275,0.120458891,2.19,9.2
2.900422094,0.18,0.003,49,0.07,0.235,0.3375,700,1.37,779,2.460370195,24.90555292,0.011390603,0.12529663,2.16,9.3
2.900422094,0.18,0.003,49,0.07,0.235,0.3375,700,1.37,778,2.546528804,25.67799114,0.011816839,0.135893648,2.13,8.9
2.900422094,0.18,0.003,49,0.07,0.235,0.3375,700,1.37,782,2.538345865,26.40601504,0.018045113,0.144360902,2.12,9
2.900422094,0.18,0.003,49,0.07,0.235,0.3375,700,1.37,781,2.601441812,27.11431514,0.01853759,0.154479918,2.08,8.6
2.95651156,0.18,0.003,49.15,0.055,0.29,0.3375,800,1.34,778,2.41627543,27.51799687,0.018779343,0.150234742,2.14,8.7
2.95651156,0.18,0.003,49.15,0.055,0.29,0.3375,800,1.34,786,2.571857787,26.19929895,0.018027041,0.144216325,2.13,8.6
2.95651156,0.18,0.003,49.15,0.055,0.29,0.3375,800,1.34,789,2.505365854,25.24097561,0.017560975,0.140487805,2.23,8.9
2.95651156,0.18,0.003,49.15,0.055,0.29,0.3375,800,1.34,789,2.519714965,24.34204275,0.017102138,0.131116389,2.14,9
2.847312268,0.18,0.003,48.9,0.09,0.275,0.3375,800,1.47,788,2.395573997,23.54080222,0.01659751,0.127247579,2.1,8.6
2.847312268,0.18,0.003,48.9,0.09,0.275,0.3375,800,1.47,790,2.484094052,23.48547718,0.01659751,0.127247579,2.21,9.5
2.847312268,0.18,0.003,48.9,0.09,0.275,0.3375,800,1.47,789,2.39562443,23.08659982,0.016408386,0.12579763,2.17,9.3
2.847312268,0.18,0.003,48.9,0.09,0.275,0.3375,800,1.47,790,2.413043478,22.97826087,0.016304348,0.125,2.22,9.3
2.918771232,0.18,0.003,48.55,0.075,0.255,0.3425,800,1.64,787,2.326086956,23.01086956,0.016304348,0.119565218,2.19,9.1
2.918771232,0.18,0.003,48.55,0.075,0.255,0.3425,800,1.64,787,2.407523511,23.08643081,0.016121809,0.118226601,2.17,9.1
2.918771232,0.18,0.003,48.55,0.075,0.255,0.3425,800,1.64,781,2.484848485,24.0661157,0.016528925,0.110192838,2.16,10.8
2.918771232,0.18,0.003,48.55,0.075,0.255,0.3425,800,1.64,785,2.409005628,24.61350845,0.016885554,0.112570356,2.21,9.5
2.813410717,0.18,0.003,48.7,0.08,0.255,0.335,800,1.37,781,2.319849482,24.65475071,0.016933208,0.10724365,2.16,9.7
2.813410717,0.18,0.003,48.7,0.08,0.255,0.335,800,1.37,780,2.188817598,24.12648946,0.010999083,0.115490376,2.16,9.8
2.813410717,0.18,0.003,48.7,0.08,0.255,0.335,800,1.37,784,2.463922518,25.56900726,0.017433414,0.127845036,2.17,9.3
2.813410717,0.18,0.003,48.7,0.08,0.255,0.335,800,1.37,784,2.336782691,24.95954845,0.016933208,0.118532455,2.11,8.9
2.813410717,0.18,0.006,49.05,0.02,0.235,0.34,1000,1.27,786,2.285714285,24.97878359,0.016973126,0.118811882,2.17,9
2.813410717,0.18,0.006,49.05,0.02,0.235,0.34,1000,1.27,789,2.624824356,24.73629977,0.016861827,0.118032787,2.16,9.2
2.813410717,0.18,0.006,49.05,0.02,0.235,0.34,1000,1.27,789,2.556914393,24.72248354,0.016933208,0.124176858,2.18,9.3
2.813410717,0.18,0.006,49.05,0.02,0.235,0.34,1000,1.27,788,2.662889518,25.00283286,0.016997167,0.158640227,2.08,9.3
2.70306266,0.18,0.003,48.25,0.165,0.14,0.335,800,1.42,783,2.283994528,24.1751026,0.016415868,0.164158687,2.08,9.1
2.70306266,0.18,0.003,48.25,0.165,0.14,0.335,800,1.42,787,2.633863965,25.66136035,0.017366136,0.191027496,2.14,9.3
2.70306266,0.18,0.003,48.25,0.165,0.14,0.335,800,1.42,790,2.542038515,24.71582903,0.016909347,0.180366369,2.13,9.2
2.70306266,0.18,0.003,48.25,0.165,0.14,0.335,800,1.42,790,2.649859944,24.50420168,0.016806722,0.184873949,2.1,9.4
2.748872196,0.18,0.006,48.5,0.045,0.095,0.34,800,1.85,790,2.647142182,24.75389702,0.022673595,0.181388758,2.08,9.2
2.748872196,0.18,0.006,48.5,0.045,0.095,0.34,800,1.85,795,2.616246498,24.47619048,0.022408964,0.179271708,2.06,11.5
2.748872196,0.18,0.006,48.5,0.045,0.095,0.34,800,1.85,795,2.603616134,24.27260083,0.022253129,0.183588317,2.11,9.6
2.748872196,0.18,0.006,48.5,0.045,0.095,0.34,800,1.85,799,2.534979424,24.01097394,0.021947874,0.181069959,2.11,9.3
2.733368009,0.18,0.006,48.6,0.05,0.075,0.34,800,1.45,795,2.525735294,24,0.022058824,0.209558824,2.05,9.1
2.733368009,0.18,0.006,48.6,0.05,0.075,0.34,800,1.45,799,2.56,24.0662069,0.022068965,0.226206897,2.05,9.1
2.733368009,0.18,0.006,48.6,0.05,0.075,0.34,800,1.45,798,2.611428572,25.16571428,0.022857143,0.262857143,2.07,8.9
2.733368009,0.18,0.006,48.6,0.05,0.075,0.34,800,1.45,799,2.553683197,25.62349542,0.023110255,0.254212807,2,9
2.659260037,0.18,0.009,48.3,0.07,0.06,0.3425,800,1.38,798,2.519368723,25.56097561,0.022955524,0.218077475,2.12,9.3
2.659260037,0.18,0.009,48.3,0.07,0.06,0.3425,800,1.38,799,2.489510489,24.74405595,0.022377622,0.184615385,2.17,9.3
2.659260037,0.18,0.009,48.3,0.07,0.06,0.3425,800,1.38,798,2.478616925,24.09281165,0.021838035,0.174704277,2.14,9.1
2.659260037,0.18,0.009,48.3,0.07,0.06,0.3425,800,1.38,810,2.335676625,23.36731107,0.021089631,0.16344464,2.09,9.3
2.617295838,0.185,0.003,48.05,0.09,0.305,0.335,900,1.57,798,2.423076923,24.24125874,0.020979021,0.115384615,2.17,9.7
2.617295838,0.185,0.003,48.05,0.09,0.305,0.335,900,1.57,789,2.60989011,25.04395605,0.021978022,0.115384615,2.28,10
2.617295838,0.185,0.003,48.05,0.09,0.305,0.335,900,1.57,787,2.143802382,23.61358624,0.021173357,0.275253639,2.11,8.6
2.718100537,0.185,0.006,48.9,0.01,0.335,0.335,1200,2.49,819,2.60941069,24.72910005,0.021927821,0.197350388,2.03,9.4
2.70306266,0.185,0.009,48.95,0.01,0.28,0.3375,1000,1.57,786,2.685661765,25.02022058,0.022058824,0.1875,2.15,8.9
2.70306266,0.185,0.009,48.95,0.01,0.28,0.3375,1000,1.57,788,2.448020878,23.57198782,0.026098304,0.161809482,2.08,8.9
2.70306266,0.185,0.009,48.95,0.01,0.28,0.3375,1000,1.57,796,2.563685637,24.59078591,0.027100271,0.16802168,2.15,8.9
2.70306266,0.185,0.009,48.95,0.01,0.28,0.3375,1000,1.57,797,2.627056673,24.88299817,0.027422304,0.15904936,2.14,8.9
2.551046452,0.185,0.009,48.9,0.03,0.32,0.335,900,2.47,802,2.584779706,24.3364486,0.02670227,0.14953271,2.12,9.5
2.551046452,0.185,0.009,48.9,0.03,0.32,0.335,900,2.47,792,2.485300571,24.02632734,0.026327337,0.142167618,2.11,8.8
2.551046452,0.185,0.009,48.9,0.03,0.32,0.335,900,2.47,796,2.491860977,24.08446986,0.026396832,0.131984162,2.12,9.9
2.551046452,0.185,0.009,48.9,0.03,0.32,0.335,900,2.47,790,2.682352942,24.78733032,0.027149322,0.135746606,2.06,9
2.465104022,0.185,0.009,48.1,0.025,0.295,0.33,1000,1.49,792,2.656148492,25.34756381,0.027842228,0.161484918,2.17,9.1
2.465104022,0.185,0.009,48.1,0.025,0.295,0.33,1000,1.49,786,2.729754322,24.94995451,0.027297543,0.158325751,2.12,9.4
2.465104022,0.185,0.009,48.1,0.025,0.295,0.33,1000,1.49,784,2.646013668,24.95125285,0.027334852,0.158542142,2.1,8.7
2.465104022,0.185,0.009,48.1,0.025,0.295,0.33,1000,1.49,795,2.700406688,24.74288296,0.027112517,0.151830095,2.12,9.3
2.659260037,0.185,0.003,49.15,0.035,0.295,0.3425,900,1.29,791,2.870997255,25.18572735,0.027447392,0.148215919,2.18,9.1
2.659260037,0.185,0.003,49.15,0.035,0.295,0.3425,900,1.29,792,2.653898768,27.10259918,0.027359781,0.142270862,2.15,8.9
2.659260037,0.185,0.003,49.15,0.035,0.295,0.3425,900,1.29,793,2.656405613,24.89090086,0.027161612,0.14124038,2.13,9.4
2.659260037,0.185,0.003,49.15,0.035,0.295,0.3425,900,1.29,786,2.7100271,24.80758808,0.027100271,0.140921409,2.08,9.1
2.3227878,0.185,0.003,48.55,0.155,0.245,0.34,1000,1.5,791,2.655737705,25.36065574,0.027322405,0.131147541,2.24,9.6
2.3227878,0.185,0.003,48.55,0.155,0.245,0.34,1000,1.5,788,2.680036463,25.46581586,0.027347311,0.131267092,2.21,9.6
2.3227878,0.185,0.003,48.55,0.155,0.245,0.34,1000,1.5,793,2.542038515,25.35838422,0.028182245,0.124001878,2.16,9.9
2.3227878,0.185,0.003,48.55,0.155,0.245,0.34,1000,1.5,787,2.645130642,25.55059382,0.02280285,0.119714965,2.07,9.8
2.407945609,0.185,0.012,48.3,0.12,0.28,0.3375,900,2.04,786,2.715287518,25.48106592,0.028050491,0.129032258,2.16,9.4
2.407945609,0.185,0.012,48.3,0.12,0.28,0.3375,900,2.04,789,2.638099674,24.89986027,0.027945971,0.128551467,2.15,9.4
2.407945609,0.185,0.012,48.3,0.12,0.28,0.3375,900,2.04,789,2.655647383,24.42975207,0.027548209,0.159779615,2.08,9.9
2.407945609,0.185,0.012,48.3,0.12,0.28,0.3375,900,2.04,791,2.655109489,24.24087592,0.027372263,0.164233577,2.1,9.8
2.353878387,0.185,0.003,48.05,0.125,0.23,0.335,800,1.67,788,2.631677601,24.45548266,0.022492971,0.146204311,2.12,9.8
2.353878387,0.185,0.003,48.05,0.125,0.23,0.335,800,1.67,787,2.590529248,24.4902507,0.027855153,0.139275766,2.23,10.4
2.353878387,0.185,0.003,48.05,0.125,0.23,0.335,800,1.67,793,2.497737557,24.24434389,0.027149322,0.130316742,2.16,10.2
2.353878387,0.185,0.003,48.05,0.125,0.23,0.335,800,1.67,792,2.597881161,24.87885767,0.027637034,0.143712575,2.19,9.2
2.673648774,0.185,0.006,48.4,0.035,0.27,0.335,800,1.4,791,2.653211009,24.79266055,0.027522936,0.137614679,2.16,9.4
2.673648774,0.185,0.006,48.4,0.035,0.27,0.335,800,1.4,786,2.598275079,24.50113482,0.027235588,0.130730822,2.16,9.6
2.673648774,0.185,0.006,48.4,0.035,0.27,0.335,800,1.4,791,2.576086956,24.45108695,0.027173913,0.130434782,2.14,9.8
2.673648774,0.185,0.006,48.4,0.035,0.27,0.335,800,1.4,784,2.592489568,25.08484005,0.027816412,0.127955494,2.18,10
2.590267165,0.185,0.006,48.85,0.015,0.215,0.335,900,1.84,789,2.662983425,24.96132597,0.033149172,0.127071823,2.13,9.7
2.590267165,0.185,0.006,48.85,0.015,0.215,0.335,900,1.84,782,2.594296228,25.02115915,0.027598896,0.115915363,2.15,9.3
2.590267165,0.185,0.006,48.85,0.015,0.215,0.335,900,1.84,787,2.580166821,25.33456905,0.027803522,0.116774792,2.18,9.9
2.590267165,0.185,0.006,48.85,0.015,0.215,0.335,900,1.84,784,2.634818558,24.91502067,0.027560864,0.115755627,2.2,9.6
2.419118909,0.185,0.006,48.8,0.03,0.23,0.3425,900,1.91,786,2.708778448,25.01439852,0.027868091,0.111472364,2.15,9.7
2.419118909,0.185,0.006,48.8,0.03,0.23,0.3425,900,1.91,773,2.607476635,25.28411215,0.028037383,0.112149533,2.18,9.4
2.419118909,0.185,0.006,48.8,0.03,0.23,0.3425,900,1.91,783,2.8,25.35774648,0.028169014,0.118309859,2.15,9.9
2.419118909,0.185,0.006,48.8,0.03,0.23,0.3425,900,1.91,777,2.666040395,25.22310944,0.028182245,0.135274777,2.18,9.6
2.47693848,0.185,0.006,49.05,0.07,0.305,0.3325,900,1.8,782,2.747793776,25.01439852,0.027868091,0.133766837,2.11,9.8
2.47693848,0.185,0.006,49.05,0.07,0.305,0.3325,900,1.8,783,2.684576192,25.19499768,0.027790644,0.127836962,2.19,9.5
2.47693848,0.185,0.006,49.05,0.07,0.305,0.3325,900,1.8,791,2.701086956,24.59239131,0.027173913,0.119565218,2.22,9.5
2.47693848,0.185,0.006,49.05,0.07,0.305,0.3325,900,1.8,788,2.618666667,24.06933333,0.032,0.106666667,2.2,8.7
